ID,R1,R2,R3,R4,R5,R6
9C9F0C05-A28D-14DF-CAC6-16A5DB5D9108,1928,1987,1954,1874,1799,1858
E846F62B-9988-6482-81F3-70C12AF236F1,1739,1803,1794,1854,1933,1942
EB7614A6-DF73-8D58-22DF-81EC2E2B82F9,1622,1705,1770,1809,1887,1903
6E140B36-BF5F-92D9-4C87-1EA8FAB36435,1571,1623,1686,1670,1646,1637
CC6DFBC3-F46C-26AD-8EE9-A446EE8B1E9D,2059,1997,1954,1995,2081,2136
FEF7DD20-9EAA-12FA-0954-0813C97B6F6E,2072,2046,2050,2131,2046,2016
ED4D1682-D82E-DCED-6BD9-0D87BBD89564,1775,1907,2002,2043,2111,2200
4442B9D1-E887-3004-F244-D3F14F3449B9,2110,2040,1972,1991,2038,2091
FC0BDD7E-185D-DD70-7FC7-8ACC2899E31E,2166,2092,2150,2195,2088,2045
3D4AE8F9-441A-CF93-E835-8DBFF14F5406,2128,2164,2258,2235,2153,2228
82B0DD33-19E1-DC7B-60A1-C682F8DEBA05,1868,1864,1860,1792,1752,1825
DCBDE4CA-2EB6-CB9C-23F3-DFC6501A0423,2122,2242,2274,2233,2149,2127
9694B90C-F6BE-9EF1-5A31-41277983124D,2052,2171,2243,2309,2211,2218
29DCA5FF-0799-7E9C-F9D8-B525E4D8D85B,1606,1580,1571,1601,1683,1592
44A43BC7-A7A5-D43A-8B33-0788DDBBC34B,1962,2059,2103,2056,2139,2141
7B58F9F5-7C7B-C87B-BCF8-70BCA0531FA4,1692,1688,1625,1555,1562,1588
427679BD-8B87-96E9-9180-A1B3AF70CC2B,1793,1842,1785,1823,1794,1871
ABC9EEFA-BC7C-F8B7-7B01-280BAFE25C5A,2046,1950,2018,2072,2144,2150
A24D0082-9BE8-3CC1-15A2-63D356DD3238,1661,1729,1765,1805,1881,1950
89ED4C74-5F31-C8A7-CE3A-AB993DD84792,1614,1737,1800,1850,1914,1895
16541BD2-B0D0-891B-D63E-90A1A1B89AAD,1578,1638,1741,1675,1737,1781
412C1CF5-CDDF-E6F3-5F38-98835126BAEF,1876,1861,1835,1867,1790,1853
B5B9239A-237C-D6E1-7C35-9B3A6FD3061C,1884,1960,1998,1983,1960,1863
091846C3-351E-8393-E441-3939B6A50718,1991,2075,2081,2053,2082,2117
346CDF07-E339-699C-8070-4C695E875365,2086,2167,2209,2186,2156,2174
14D936C7-957A-D1EB-7878-9D94F2167CB0,1738,1662,1631,1710,1603,1542
14A7F6F3-AC13-C735-C4A3-9DC78ABD703A,2064,2133,2148,2216,2268,2275
7DBD9949-71C2-94DD-0937-0CC055362DE6,1674,1823,1865,1912,1845,1803
8787748F-8335-C678-308D-C33F62615D36,2135,2127,2137,2145,2159,2233
BE6822C5-DA23-7EE3-5445-C5AD0E842E90,1625,1625,1612,1531,1420,1385
785756DF-E921-E07F-AD79-19CC88386B80,2042,2061,2007,1960,1941,1958
464D6A86-2B43-7E8E-85C9-ED045560D8DD,1944,1890,1838,1868,1900,1977
9C613048-5639-4D84-3A0B-888DC3DA5A03,1770,1919,2027,2095,2044,2061
B778D404-C8EC-F5F2-F11D-89CEA82ADC8E,1712,1637,1559,1620,1619,1612
5754DA8E-9218-87C6-889B-4F7EFE483834,2120,2160,2196,2207,2283,2337
82CE8799-6404-59E8-A3EF-8C4610951EC5,2127,2140,2072,2066,2128,2111
D2A1379A-4AD1-F983-AA9E-45715F273462,1672,1705,1654,1723,1706,1625
D1407CAC-FBE7-CC28-AF51-0C897C41B065,1932,1895,1904,1900,1843,1847
CC530310-FD0F-DD36-B3F5-25176209BBA3,1824,1824,1809,1859,1854,1795
FAAC931D-C356-F1A8-F69B-39272BDF60FA,2033,1968,2011,1998,2061,1990
604FB36F-C298-B18B-0111-BF3B116D9145,1566,1493,1481,1427,1465,1478
3559BCDE-6190-8CBB-204A-CFB4278FB43D,2002,2095,2098,2177,2218,2168
65026BB1-F8CE-14CB-E347-B6743E29C3D5,1728,1785,1849,1940,2016,2047
AB4A36F5-B056-40DE-E944-73E6CB3B401B,2043,2056,2071,2025,2064,1982
E2D0FD5C-E513-65AA-E6C8-CEF4DCF3A5B2,1984,1897,1861,1930,1890,1911
BCD8D312-17DB-5C3B-9721-CBEA61B2B959,1587,1705,1820,1812,1780,1872
B3EEF980-893A-29B5-AE16-DB415C662F37,2170,2267,2230,2310,2381,2293
EA575225-01EE-913B-9A5E-F2E1C50B34BD,1618,1601,1580,1661,1565,1496
7864D2B8-BE6E-F3D3-7EE5-E4EB1F93706C,2145,2240,2259,2328,2322,2410
A8A3CC16-8DE1-30C4-9DAB-94CF258C62CB,1819,1882,1934,1863,1847,1780
C0610D1B-6926-578C-14C6-5EA2FA9BF850,1990,2044,2128,2042,2093,2077
46EB2AF5-B6F1-B3E9-43AE-E156C8C7CC17,1855,1893,1853,1837,1900,1846
9D2981EB-2D24-6012-1E10-F339C31457A9,1618,1692,1753,1737,1755,1765
060EB328-7F38-3A39-B0E2-7512E708541F,1671,1663,1676,1701,1708,1721
AF42AFF5-748A-043E-EFD3-E364F825256F,1821,1835,1940,1864,1903,1874
94629D55-6969-0FE7-B387-636E963988B7,2008,2064,2112,2071,2138,2086
46A31C87-E185-2AF9-7DE3-DA5D6A4E2ABD,2160,2264,2231,2231,2298,2279
4ABBC0F9-9BE9-5581-E7B0-AD3DBFAE840C,2193,2345,2409,2342,2431,2428
4008C651-5E1D-05C6-7C2E-AFAE07899C5B,1708,1827,1864,1823,1790,1800
CA024BE8-6FFC-80E9-99ED-AA882BD0672D,2138,2259,2289,2310,2332,2398
F8C6A5DE-F222-D160-BEFC-B2C8A13887CF,2181,2296,2298,2237,2129,2052
F2BF8D70-F011-A5C8-6724-403D9CB4B328,2146,2272,2328,2427,2445,2400
F8A03F02-5351-6EA9-77C4-DB36DBC5DA04,1963,2117,2187,2280,2228,2191
A25CCF3D-E07D-41B7-AC92-24C8F4EC06BD,1966,2106,2112,2172,2183,2167
CF894379-C81B-C05B-CCB3-8E7D1049A582,1902,1813,1886,1866,1761,1688
2C093E27-5E1B-AEC4-C704-F8B874820695,1564,1576,1610,1597,1516,1439
1B5F42DD-71B5-4C31-811F-9B055CAA8E31,1731,1655,1662,1637,1550,1483
257CE590-E6A0-5D1C-E4C3-92F0FD277612,1851,1874,1934,1877,1962,2040
B7F36D51-6655-487E-F56E-8DA8A8C780AF,1640,1611,1621,1566,1608,1667
DA0EB703-BEAC-8AFE-C9CB-922272D7C6AF,1658,1760,1771,1693,1593,1603
C1FA64B4-30BE-0170-AD36-A5ABD1181B33,2178,2228,2315,2245,2280,2275
88D3A4AF-21D0-6047-5A34-0F731CFBA3E8,1999,1901,1878,1911,1937,1961
53B81D8A-4E90-5B60-CAA2-6146D5EE6E09,1635,1593,1600,1536,1470,1480
7CBCCA51-7926-1922-0B02-3098281241BF,1975,1909,1917,1934,1921,1919
B87DD1ED-22EB-2A06-8659-EB0C1618F991,2058,2155,2136,2230,2312,2399
0FEAA7BC-FD26-49C5-7DAB-51D12A4B73C2,1581,1608,1614,1599,1525,1568
425000E7-8763-1E62-9B74-96C5AD100FD8,2199,2147,2136,2086,2101,2128
C5AB68B0-A7D8-3B49-8707-927CBE34D2AD,1611,1747,1728,1710,1677,1698
F34A81C2-B157-2FAE-E745-1A9EC81DFFBD,2178,2207,2130,2196,2186,2265
D8DA400A-348E-EFEA-B697-B93C2CAC7696,1889,1882,1822,1803,1698,1633
CA98A56B-861E-9DBD-1CFA-47AF200DAFA3,1751,1856,1850,1854,1874,1873
E695D0B9-1ACD-8357-1F2E-A6DC23B40BAA,2055,2014,2128,2063,2021,2058
BB176686-B4AA-FD87-6559-B33E77DF8DBD,1783,1807,1748,1818,1744,1682
BF83A5F0-FA05-59D2-A687-E978847F477D,2092,2017,2064,2079,2156,2222
1FF7ACAA-FF8A-2AD0-1325-085629D0FBE0,2164,2233,2201,2198,2284,2251
E416BF25-CC41-E74E-7D4C-73913B3104E5,1675,1601,1662,1612,1506,1516
E9F69C18-0E6D-7C2A-3CF0-9776D3A69CE5,2199,2331,2448,2517,2476,2526
C28F2774-6DFF-C5D1-9589-0506262A8C67,1724,1703,1759,1828,1880,1930
BE01F96A-E292-30B9-0D51-3087FDA629A6,1815,1844,1850,1821,1894,1987
77A89FB1-99BB-58AF-F9A7-76301198CF37,1806,1916,1936,1864,1840,1905
D45E9898-A5C4-C181-F2E4-6157E100B37C,1860,1940,2060,2014,2032,2068
952E58B5-5DF9-587F-CA61-CF8CC00B9AC5,2111,2115,2199,2167,2144,2239
95A6E136-FFD0-8A26-8972-D9413A9A7A5C,1625,1646,1742,1724,1782,1847
4BE9BB6D-54C9-59D8-6644-EAB4065B0AD9,1579,1695,1716,1636,1708,1633
B9375CD7-6A8F-1F5C-1E2C-F0CD2621BC75,2085,2090,2158,2184,2109,2060
48A24433-7C1D-AF2F-D1B7-438BF1EFC040,2104,2127,2197,2286,2360,2366
06DF5B96-20FC-A377-10E7-2A671A42256B,2117,2253,2244,2173,2255,2185
9E246A56-7E5E-EC6B-E2A1-A2F202AAA20D,2119,2208,2325,2341,2296,2343
D3EBA36F-41E8-7BD6-0CA6-EF78DD76C319,1855,1980,2061,1988,1976,1988
38859B29-831D-D100-F718-664F76292F62,1997,2118,2070,2129,2119,2172
E1E13284-9340-F41D-21FA-D384A088A5E9,1955,2009,1958,1996,2077,2141
901B4274-3FDA-73B6-1AC8-59CEA1FBA7D2,1791,1726,1836,1766,1800,1822
6B7E1134-FF08-9E72-35FF-45131E2C92B9,1873,1856,1797,1891,1892,1829
A4DAE476-F927-3961-72E3-65275992904B,1925,1843,1813,1839,1772,1703
EAD63267-676D-9A3A-F8F6-CA8BCB6E6C4F,1918,1996,1939,1978,1989,1909
B5194791-74B3-6624-94D6-AD3869315A95,1921,2017,1945,1937,1969,1963
79A265F3-CB95-5D02-AFC5-B74D18AD3A61,1892,1979,1938,2024,2032,1985
A4DEAD7C-84FF-F724-101B-46E42314355E,2169,2238,2335,2321,2335,2244
9B17597C-EB1A-2391-8BE9-AB9AC2D6F426,1699,1636,1660,1640,1559,1471
A5461CA4-D7C0-E8A8-EFD5-29E5F32F4ADC,1602,1661,1605,1581,1613,1535
C4DAAA98-A24C-D355-1594-303838577482,1692,1823,1899,1825,1827,1786
5D9DB9F9-083E-1B12-4D17-BC970B7DF3F4,1912,1874,1893,1852,1799,1846
1AEC086D-1DA4-CEAA-4C0A-54C508CA3DB6,2168,2265,2323,2414,2325,2312
A23E3212-A729-AF37-3703-13D81FC0A5FD,1826,1800,1797,1879,1856,1951
88986398-BF13-109F-9875-663161F2F2A8,1922,1872,1874,1934,1855,1815
A74F33B7-F1B5-F0FD-3A1D-DC9628C8A109,1972,1926,2009,1947,1972,1891
AECD31DD-240D-CF47-7FC3-98E0A9CCABB7,1865,1843,1887,1959,1959,1967
97EEF70A-51FD-BD3F-AC80-D6A04408A4C7,1616,1680,1799,1787,1704,1640
0661BE8E-2772-E5B2-2850-E05017A48D24,2154,2267,2387,2346,2269,2234
8C72DA63-7AF4-BE63-98DC-D2C49C1231EE,1729,1880,1911,1957,1850,1791
132C8BBB-FECA-6119-485A-24576B304504,2077,2231,2329,2357,2331,2424
04B708C7-026B-E126-AE57-486A5FEF1E38,2144,2124,2134,2103,2147,2107
9AFAC3CF-AE69-BEED-EA91-9259AE6556C4,2129,2127,2181,2265,2188,2190
4DB33521-C3F4-0185-FFCB-D11ECAE780F6,1640,1763,1806,1732,1695,1637
81BFBCBF-046B-B3B5-A643-EEFC01825A44,1733,1834,1897,1855,1805,1714
93CA62D0-179F-05C8-98F2-2ACB433C3E28,1819,1967,1917,1943,2012,2040
32928639-16AE-B4FD-70E8-8B38803F9479,2098,2174,2108,2135,2121,2120
D58BC034-FFE6-6C11-0471-CB8A81AEB62B,1721,1774,1712,1678,1693,1671
5B4F8E9D-E42A-FACF-0F17-D5E335788FA2,2132,2048,2166,2146,2038,2115
74DA8EA1-E23F-B4FF-C9EE-9452C9565FFC,1867,1887,2009,2014,1967,2017
36F4522E-3651-3F57-632F-70F717D4990F,2077,2117,2166,2126,2175,2249
C6B31E36-2625-1443-AF85-C9EB314553FB,1815,1820,1936,1892,1820,1752
B10B1DA0-335F-2DC2-682B-38411D004A77,1692,1776,1895,1873,1779,1752
BC02D441-3696-662D-2656-2DE201D50D55,1895,1819,1761,1823,1902,1813
52BCDEDE-3EBE-337B-8F78-C53F5FEE84DC,1609,1582,1541,1524,1482,1520
9049486E-DA4F-9798-BE01-DB7A1624E7E7,1925,1929,1928,1892,1922,2014
285F078F-C8DD-4149-78CB-B24A485382FF,1969,1954,1906,1844,1836,1765
54F86A43-A756-73C5-C742-6EC5615C20C2,2195,2195,2161,2236,2223,2175
A4937D9E-8C2E-FBFA-9338-2D5DD720E969,2086,2207,2241,2279,2313,2242
32C9BE7A-7E7D-29F4-720E-F6626BA15F35,1686,1756,1803,1897,1920,1950
F4509D06-6925-E693-271E-5118F135FA02,1620,1734,1801,1739,1714,1690
547EA4E0-7C0A-D2DF-AFD6-4292F5720C6C,1681,1702,1760,1838,1842,1933
3D674A2C-9F69-3242-909B-38C8C1BB512E,1710,1623,1592,1535,1488,1531
A0C1B559-A2A3-CC5D-F6D8-4EA19A13FF9E,2029,2074,2074,2050,2031,2127
DF5D1132-868C-1A83-12A7-DA962CBDD28B,2172,2166,2098,2068,2038,1959
B31F26C2-B624-E7D0-AFA8-C3CC8F4444C9,1670,1700,1672,1717,1717,1745
04B059ED-2504-062A-A2FC-612B5090AB35,2178,2206,2282,2294,2234,2299
E64A499F-4411-262D-9A48-EF2B69060401,2060,2150,2107,2151,2043,2131
A0DCA83D-183D-104C-5F72-0467184A8F96,2008,2098,2199,2218,2219,2284
BC2610CB-B7B2-12BC-D48C-F645F88CCF4D,1726,1669,1735,1673,1685,1638
5DB4ED1F-2CEF-1E44-057D-3EF4DA569AD3,1914,2036,2087,2175,2067,2019
8246ACFB-901E-BBD2-5F9B-A0522EADDD11,1652,1806,1897,1910,1859,1876
F8E9E94B-CB1F-423C-C4DD-B4DE0C8D75BD,1936,2073,2196,2245,2275,2298
BBE232DC-5EB8-CF39-0EBF-AC4F1E0BF514,2185,2173,2172,2136,2145,2155
28D29DFB-F56F-DBF8-1EC8-2D6C069FAB57,1780,1774,1864,1805,1794,1784
9C665788-1CED-7E06-ADE6-6672FF521604,1923,1958,2075,2069,2127,2218
4DCCCE16-0FA3-B3DA-330A-A8EFCDC650EC,1785,1766,1827,1754,1740,1696
B82939B6-A82A-81F1-EA7B-01A24849199A,2140,2199,2206,2254,2147,2242
FBCB911D-EC81-2E55-E4F1-D945FEB367B5,2122,2033,2032,1990,1912,1914
02EB38A1-CB60-EC9A-1D79-23E5DB64DD45,1741,1829,1753,1790,1732,1685
C5E9F282-C773-B03E-A1F5-1A2CB8979E0E,1983,2108,2164,2116,2048,1952
3E1FE130-2D90-4F3F-81EA-17163F8DB567,1714,1776,1777,1721,1811,1795
AC17A545-CA94-5EB9-4C7D-74C1A0C7563C,1616,1633,1690,1615,1693,1752
1B33E499-C529-47B9-A725-2931E56B3124,2189,2151,2181,2204,2096,2135
1935C410-9605-8FB5-DD2B-3FBDF41518C0,1668,1736,1670,1607,1568,1623
90462363-1047-95E4-0A84-FA14864D74BE,1960,2005,2094,2008,2028,2017
8639A3B0-E9B7-822C-B58C-8C46AA5BD840,2014,1957,2035,2097,1985,2004
3009C6AC-4A01-8AB4-B869-BE858B02B084,1639,1617,1655,1674,1584,1612
952BB368-1713-4FA1-5F25-C566A3EFACFC,1784,1771,1729,1804,1862,1893
BFC768F3-256D-E8A9-A0C6-E2D3856E7A4E,1692,1601,1650,1671,1583,1576
CD186F7E-3C1B-7A8B-8A27-B688ECBFEDD1,1671,1758,1695,1668,1628,1699
C8B3502F-3F02-2B51-EF80-F172BA990F8C,1661,1716,1710,1808,1737,1809
0E49623F-7DF7-07A8-8F4F-938910E1CCD0,2168,2105,2081,2107,2082,2019
7C0EB780-756E-A218-355B-3454BA24C5E3,2015,2025,1998,2022,2105,2132
5C5C35F8-8507-B26F-80B6-9B2F7AFEDD65,2185,2175,2212,2280,2344,2290
F3CA28AC-B326-D89D-8258-31EF0DA8305A,1926,2053,2073,2041,1936,1986
BA0DD5F6-60EC-8716-F5A4-832FE3BF2A08,2077,2182,2111,2078,2168,2111
A39EE4AC-622F-6D2F-BE9E-E926E953BF16,2006,1931,2027,2051,2030,2099
88CF9F59-B725-FEDC-3592-0AFFD9BABF8A,2100,2217,2282,2224,2294,2314
B0D55E19-CBEA-B447-9366-8997FD89DFAC,1784,1835,1944,1864,1874,1946
2C7CA4D6-B32D-A598-36FE-D91B4CCAD3E1,2203,2212,2327,2422,2320,2230
E12EC2BF-06EB-5E16-1181-57EC4CA8E3FA,1662,1685,1770,1709,1616,1554
99C4FDBF-9B39-51B5-0EC3-248D32B6EE97,1788,1914,1941,1948,1850,1785
E3A79473-CD17-C177-F764-783B13363598,2139,2163,2097,2078,2023,1948
F425285F-3103-1227-ED00-A2D23636B8B9,2064,2053,2024,2038,1972,2000
E0095360-A4A4-75E1-04E1-7AA4C5E29BD1,1580,1696,1623,1666,1626,1583
767F7C98-223F-27F0-9CDD-C06B7D155A5C,1946,1920,1944,1995,1994,2025
7C813641-2EA6-842F-2EF0-C0A2147F9A36,1693,1826,1832,1819,1858,1887
8FADAC39-C0AC-AB48-ACA5-50B775EF8BBB,1862,1897,1901,1907,1926,1959
E2B1F592-2E46-AC4E-C232-23BC0BF62DB7,1674,1806,1784,1773,1760,1732
62A05380-05E0-DE8F-EC05-9FE6B789BFD1,1723,1684,1708,1705,1665,1680
BFF6A402-F3D7-0C2E-9710-B0A3359F6E54,1857,1788,1829,1844,1755,1705
B7E29D55-8B2D-AB81-CE77-2822F9180E96,1941,2076,2123,2107,2100,2119
C6CC97D2-4763-DA8B-669A-CBDBDA07DB56,2198,2160,2154,2246,2153,2221
E497F2CA-9A5C-5963-7816-193E0F05C4C4,1574,1632,1736,1809,1803,1860
D99A6493-B65D-E659-1399-AF7548265822,1743,1838,1839,1902,1923,1838
3949BCB0-D005-3520-CB68-687EFCD6BF28,2133,2111,2196,2276,2278,2317
C149E560-489A-2200-5765-E38228681F92,2042,2011,2114,2052,2142,2208
311B354E-F4CA-A68B-B6E9-3C6314A0F78D,2062,2000,2078,2029,2049,1991
246B5531-18B9-AFA2-B67B-1D47EDA333E6,1646,1789,1732,1803,1887,1861
D8394B61-B6C3-083A-414C-3E693058E92F,1758,1760,1706,1686,1718,1762
5DD778EE-1C9F-AA1B-ECE7-D35B4C09113E,1836,1749,1783,1849,1920,1976
B69C90CF-C8C8-89B7-6BCA-AB3CEBBFB2BE,2068,1982,2003,2065,2009,2009
D406D8D5-92B2-447B-26F2-CF1FC493A8AA,1815,1823,1823,1869,1847,1890
FA733E56-A186-6DF4-F1FB-DFD7F62E1BF8,1628,1765,1845,1803,1718,1662
8C940AA0-08E9-D022-56BB-1660381EE9C7,2168,2101,2213,2238,2166,2135
A3C94476-A07F-1A3B-3705-A06F78BBE4CE,1774,1702,1813,1732,1784,1686
E99F09A1-CAF5-C7C7-CB96-B1F69A7160EC,1765,1910,1882,1920,1952,1934
11446C6C-C357-A413-5019-6C43835F0414,1810,1954,2005,2008,1976,1888
C907A141-B500-2408-DC6A-18B8A3DEAFE8,1715,1681,1804,1767,1696,1689
840A8A11-521F-DED3-14A0-DFA69392BBCE,2060,2055,2163,2205,2108,2060
9FB4E73B-F0D7-FC54-FA58-601F9BEEE74F,2033,2118,2098,2011,1969,1951
FF27BE3A-FD74-53C7-6C79-6BD31CE2A900,2004,1969,2001,1920,1908,1891
A55FC26C-0375-CD46-DD75-C661378E0657,2152,2282,2211,2136,2085,2044
4D0AC63C-D5AD-123C-BD33-8A65355A3517,1947,1979,2064,2082,2090,2136
B7968773-C93E-ABD1-B159-B3EF80B72747,1850,1803,1775,1743,1705,1726
F3ED5EDF-466E-DEC4-572C-088E3D550EDB,1647,1776,1839,1888,1948,1964
44EFA06A-8F76-32B9-33C3-F495C9571E76,2156,2290,2226,2288,2221,2294
783EB67D-DE43-FB8A-1BEB-1458AA8190FA,1585,1489,1441,1376,1348,1287
53A146EE-61A7-1653-9BAB-A2A8C14291D2,2098,2141,2227,2304,2328,2386
7A65EC37-1E3F-8D95-4735-5C91CD123C16,1934,1851,1842,1880,1957,1900
90F44D3B-E211-0080-DB6F-10FF8293CF04,2062,1995,2056,2036,2114,2017
0372A392-D9A8-853D-4CA7-D22FC01FAA71,1666,1632,1591,1509,1421,1416
4947F812-9C5B-A554-64F8-EAABC494E61C,1738,1675,1704,1648,1672,1625
B291A577-D231-EA3D-1BD8-70494E18A31F,1948,1851,1947,1980,1875,1876
329CE84F-B210-E6E7-0305-C1A71082CECD,2151,2289,2253,2287,2310,2259
735B90AE-3954-7E25-D544-DDF5F8D232CD,1575,1691,1697,1758,1786,1741
15DD1412-08B9-5D3D-9F04-5FEB0EF69E3B,2075,2191,2237,2278,2216,2257
F3539CB3-93B9-D214-0A96-C3AC0A55F016,1909,1985,1927,1990,2043,2012
9D56D014-C17F-AD4B-E713-60AADA9A1358,2065,2124,2139,2128,2141,2095
332C6A6B-27D7-2F00-0D02-4BF2B5F0D169,2147,2181,2127,2078,2059,2011
E120E9F0-BAB8-C870-BC1D-E1A372FCFFD5,1829,1847,1865,1902,1857,1853
4EA8E5E5-A528-09EE-8CCA-7D7E48413A7C,2161,2314,2422,2447,2490,2577
B45DD086-2BD4-7408-1C2D-7EB92CE95399,1748,1736,1696,1791,1719,1771
EC2F3823-0DA0-2FE5-E51B-EB0C6B172756,1847,1977,2000,2012,2084,2024
3893CEF7-1477-56D6-E168-44584073D0D5,1816,1886,1945,1926,1856,1819
B363C7E2-1F4B-5F80-DFE8-9B9677E59AE0,1952,1974,1989,1957,1910,1980
D6905426-37BD-406E-2A4C-D74E663FAE9F,1909,1915,1969,1956,1994,1927
B0624B8A-882F-A867-856B-0BAFD248B70F,1584,1535,1541,1502,1426,1357
6E8C4E60-B501-6CF3-9419-BB1379FBB01D,2192,2157,2129,2090,2170,2258
A76AEB2B-12EB-A30F-AB64-BF2662C02494,1705,1795,1741,1785,1763,1853
5B879390-FF91-2DB2-9C96-61B733077646,2003,1921,1992,1926,1973,1954
1319705E-B6A1-658B-7052-083B1231B026,1898,1835,1786,1868,1823,1845
C8115A8D-FF31-9D80-8485-8AE9F8701230,2143,2172,2118,2153,2111,2040
D57C8A6E-092C-045D-9F37-70085E144357,2046,1953,1987,2040,2058,1973
CCF3C5D6-8362-DDE8-E883-69D6AF0B1DE8,1665,1641,1685,1755,1726,1729
8AA31CEB-FEAA-7074-20A3-89ECF8479EF7,1735,1883,1850,1783,1860,1865
E4787BA2-EBB5-C880-FA20-13C3AB67E1E6,1686,1747,1837,1812,1872,1796
E975A2C4-25DC-9DE0-1E0F-F21079997D0C,1787,1761,1866,1827,1734,1686
673C503F-F7B9-0600-CF6F-DBB0A1964D08,1888,1827,1864,1783,1730,1693
B5F1A0CF-ACED-10DD-54CF-C55822CD0055,1933,2079,2142,2096,2062,2043
09C7FF47-193B-1AE7-A35F-7967BA63C51D,2122,2227,2258,2233,2184,2178
761D245B-6E97-393B-4620-0761ADA59763,1762,1719,1693,1762,1703,1667
AC63F639-63F0-2FCC-1D8D-2CB7A4A61607,1922,1916,2009,2085,2056,2040
61485728-13B9-6652-7A1D-295A30FAB93C,1976,1913,1855,1773,1761,1741
40DD2B0B-4DBD-29B6-CC78-77CCBF7D0566,1768,1684,1736,1651,1605,1553
DF732002-F9DC-97F7-EB94-3AC70C36218F,1850,1950,1897,1865,1850,1938
1431096E-E334-0CFD-E936-8DDF581B50D4,1996,2137,2125,2147,2202,2180
64ECD4AB-0B2E-032D-EB16-3B96F3D2727E,1696,1633,1638,1695,1618,1540
6C56693E-DBF9-A3A6-400D-2DACEFA81CB5,1626,1592,1627,1560,1522,1585
8483FA5A-08FE-CB84-57AA-8D10F57C61F0,2165,2203,2273,2349,2340,2271
249999C1-1B2B-F632-B5A8-517295221996,1782,1686,1760,1742,1655,1664
B8DC183A-F5BD-345B-F40F-9D77A25CD878,2188,2264,2362,2380,2421,2511
C5417AE4-A002-5453-54B5-E85E50DDE615,1832,1737,1727,1781,1686,1636
A3BF98C7-4FFF-677F-DF6E-A0763ECEA7C9,2132,2279,2305,2347,2356,2271
7D73A5E5-BB39-7103-1C24-AFAD99417364,1919,2037,1982,1947,1972,2049
5883BB0E-AC18-E0DE-D0DA-74AE0256BEBE,1897,1853,1943,1945,1924,1958
688DA7BE-85FD-73EA-EA6C-3BEEE4BE7253,1904,1933,1879,1954,1937,1915
B4D49451-EE46-9939-A51C-BCF96A2200ED,1681,1593,1624,1617,1623,1672
A26949D1-1770-D814-DE6D-551C39C60EEF,2170,2099,2109,2185,2126,2094
D17F2133-F37B-2C1B-1692-B23B9D9027CD,2037,1965,1912,1828,1838,1888
E041ECDB-CE01-7E5E-5AEA-F284DD8080B0,1946,2040,2102,2135,2191,2163
330F679F-DB44-6F82-1723-48D1D66F536D,2183,2274,2394,2437,2505,2595
8E30F090-3220-8027-85AF-65BC0F7B3536,2099,2117,2152,2172,2246,2196
9858A7C6-6160-45E9-3C98-F2FCEE8030B9,1648,1737,1729,1713,1789,1739
D3772E9A-8017-0D1D-9FD6-9E02CB409B95,2165,2132,2205,2220,2304,2350
133D9F16-C9F6-DDBC-FFD1-8FD8E8A6DB4E,2135,2057,2101,2174,2184,2228
5A098310-C70A-F539-F0C7-DFE2AAE4D633,1586,1592,1517,1487,1510,1467
7E4ED756-CF94-135D-37AC-F4B893D0E0DF,1689,1618,1587,1516,1554,1490
481666EF-C364-6E4B-31E4-D6EFCA02D93A,2107,2086,2161,2170,2123,2196
60150A43-C64C-452E-389A-F4FB40150C30,2011,2153,2273,2196,2253,2266
847A98A3-2B3B-2A9C-74F5-89E7C36DBB8D,1851,1816,1855,1942,2025,2005
E31D922F-C3B0-9B67-5A2A-DAB27CE5DD95,2143,2231,2310,2333,2257,2275
215AD629-0B70-F486-63D6-73A3B6FA405E,1862,2000,2098,2139,2054,1958
B81EEADE-0F74-8F99-5410-E8ADEA5BD709,1587,1661,1750,1671,1652,1672
A258A656-1489-B91A-73EA-D593663CDF47,1737,1744,1772,1686,1683,1734
7DCB4466-6CF9-6228-EC6F-BCC31CA101D7,2085,2018,1971,1954,2004,1936
C61832F7-4E98-3A21-3C5C-42B75BE8D0F6,2012,2133,2155,2155,2116,2136
A82723FD-F20D-261A-D170-3F678A6353CC,1796,1823,1746,1843,1898,1854
850D304D-9BAE-8619-8A3C-645026A4E66F,2094,2062,2055,2000,2027,2001
D77A1533-1B9E-1E12-305E-3BF295E7D9FC,1989,1974,1995,2026,2039,1998
19C4D9C7-B89D-D2F4-11E1-13B8A1AB30D7,1871,1855,1937,1939,1881,1908
1D2F6B9A-A536-4F46-ACE1-C31D92E4CF1C,2032,1946,1889,1949,1947,1973
2122F85A-0C15-6EC6-B945-17214D60BFD1,2174,2129,2064,2089,2152,2101
D33D1518-5463-71CB-C30B-1797F0AD0362,1808,1779,1803,1879,1842,1782
3347FE18-8C5F-27A1-6B30-1922BD42FC6D,1666,1668,1742,1712,1688,1767
68E67A6C-6D89-BF8F-5F4D-1AC56A733BFE,2035,2027,1953,1990,1988,2062
C0162EDD-543E-D241-2F5E-D55D0C1066A5,1619,1596,1534,1607,1674,1745
DDF17018-E3A4-95CF-8F8B-FDFC4580701E,1789,1804,1851,1831,1774,1679
7C8BD9BF-27B6-7563-E809-EE9A66F2BB69,1769,1912,1840,1927,1850,1773
93A33A13-88F7-66ED-A0E3-62D9A6240985,1853,1936,1872,1895,1902,1949
4868A208-29CA-15CD-917E-752AA7A8C93F,1685,1591,1711,1738,1819,1894
A11B9B78-92C8-1CE1-C5E4-1381EFE98EAF,1811,1749,1795,1826,1860,1798
25D3DB18-5C6C-2D68-3495-CE6DFF3E796E,2038,1947,1918,1833,1742,1682
F6E3F833-A686-C6C9-813D-11E3343B5C87,1658,1586,1562,1480,1401,1453
A6F9EF34-342E-7E06-E947-70C4ACC9D3BE,2159,2204,2251,2293,2217,2134
53C886C0-6311-3E33-8928-EB4FBC0E55AD,1783,1936,1891,1957,1904,1871
17D6D93D-916A-2E9F-4AB8-C159C8E402C4,2104,2029,1961,1943,1876,1847
5B5192A8-ECF5-5B30-A824-04068E7EAD49,2070,2031,2121,2177,2098,2136
A4A3B046-D106-F81E-9A65-537F1E2D9EBF,1924,1947,1903,1820,1762,1790
0472CC6A-70D0-505A-47AA-EC801B6A3375,1889,1966,1985,1942,1917,1958
CF9D3FA6-5EF4-951B-8452-D390131DC508,1908,1920,2009,1977,1926,1912
1546AB7F-D342-E242-D203-C894E610C92E,2069,1978,2087,2009,1918,1912
B319AFA5-4510-AE13-0267-0991A4A3C20C,1794,1929,1857,1821,1832,1758
76EBE028-E203-6005-F063-5ED44E97E1DF,2135,2265,2220,2272,2254,2329
CF2340A5-991A-19EE-415E-9A056BC353DB,2118,2167,2213,2214,2165,2252
DADAD553-4E1C-8CF1-DAF2-8CA159FA386E,1713,1736,1753,1700,1724,1806
7C0E1428-6CC7-80F5-A5E8-7DA5BE4BCB48,1856,1991,2071,1988,2070,2086
71494130-834E-0D7A-786E-99EB9A711DEA,1778,1928,2041,2104,2026,2042
8DBF053D-FB45-3E8B-24F3-9300CF1A9192,1983,2006,1996,2056,1964,2061
4E71C683-1529-63F6-EB71-3D9A1FC107BC,2153,2300,2300,2352,2289,2210
3D999366-3FA1-C42C-0E2A-2F28F101D8A5,1880,1789,1832,1851,1860,1873
92D5A7DA-F65E-1BCC-63B4-11FE7407436E,2168,2070,2036,2055,1977,2063
134ADBF5-E7E9-BEB1-2C2E-2CEFD86C7BE5,2148,2285,2271,2270,2232,2316
78CE86D2-0344-6C16-99B8-BEE5B8B2F600,2059,2197,2143,2241,2285,2277
3EE7A1D9-B8FB-D4BE-BA0D-AC62F9305790,1889,1817,1938,1981,2054,2151
1006377F-94B2-5CE6-43B4-3D1DB637CCCC,1970,2021,2047,2063,2001,1908
A91369F8-EF5D-03D6-21FE-7E7EF0B09CA3,1844,1922,1980,1975,2003,2086
ADAAA03F-D48D-54A6-12BD-4D8421C505FF,2138,2150,2115,2143,2163,2128
E826A171-F998-679C-C56D-1B4FF979E763,1608,1542,1660,1755,1845,1774
EE73ACEA-69BE-E54C-5F75-8BF5CBDFB69B,2065,2111,2232,2172,2169,2208
4B89DA4A-10D6-9512-32D1-FAF57CE21E5E,2139,2141,2251,2215,2156,2085
95D14F07-C566-BB51-9DCD-6CB3FF2B740F,1808,1845,1948,1891,1904,1809
48BC12E6-B4D8-A9F7-29E5-3C3EA7EE6013,2116,2068,2076,2075,1981,1960
9BD79014-E781-B2A8-F793-F115DFF0C75C,2075,2221,2241,2205,2264,2299
C7BA0F41-E882-BE96-A32C-ADD613D1851A,1751,1764,1693,1647,1649,1634
59BEB240-D558-5025-0DD8-F69BD40D0FC7,1667,1733,1673,1634,1616,1703
16BCC475-3C81-8E93-BBF2-913282BDFCE4,1843,1803,1791,1884,1836,1863
FB0D62DD-386F-3014-D97A-B1BB12EBBB27,1702,1609,1638,1659,1695,1739
AF84D06D-3DD1-EBA1-EC1D-C8C2A8860B04,1942,2082,2156,2212,2173,2130
27C2FAD2-B0CE-64E4-F350-2BF729F4F9AF,1975,2111,2228,2284,2256,2177
72A9038D-BE35-E31E-4782-950A009DAB12,1677,1584,1644,1639,1624,1658
4217D127-51CC-4332-34BF-7B1FA682535D,1742,1646,1668,1616,1695,1628
8F9DFBB8-A4D4-6DFE-C09D-8EA4BC81A118,1629,1714,1702,1645,1561,1476
90A99BB7-84C6-B298-A1C1-DDC7C3E5C4EC,1972,2010,1976,1953,1898,1848
FA6CCB70-858F-0891-6EDB-2D68BA4F7C8A,1639,1782,1872,1871,1855,1830
4429E11A-2964-CCFE-E5A2-F74E2E644A58,1760,1693,1725,1787,1800,1780
124EB54C-25CF-AE00-BECA-E7198F7A93DA,1577,1559,1484,1443,1511,1443
75E47A15-3F55-6068-5BF9-0C0AD230FCF6,1595,1556,1579,1534,1425,1456
F6A3F523-55DA-6990-2EF0-C265A2023E91,1929,2019,2110,2030,1926,1984
02B42357-B1A6-C969-A7A9-5C78C17A2B19,1660,1730,1765,1859,1813,1759
F9FB986F-1DE4-FE07-D00F-2522515DD400,1860,1792,1768,1730,1702,1650
843B1E39-001A-96BC-39E1-94721F760F46,1659,1783,1713,1676,1620,1633
AD2268A1-2E76-09CC-2C19-A6FD2F7B347B,1726,1691,1770,1798,1814,1890
A075E2C9-7F2B-78B8-E371-B1D427110CFA,2098,2157,2257,2322,2265,2260
1E6EE574-CBE5-8C87-7B29-CC184DACE327,1689,1757,1680,1770,1853,1895
75FDE1AF-BB94-2993-9AF3-CC213C6B9902,2068,2151,2152,2248,2278,2341
23C04C01-0CDB-C971-2A29-BD478F3CF658,2167,2228,2316,2326,2283,2376
1192546F-3A97-3DA6-0A8E-C4F70BBA335C,1632,1616,1578,1492,1440,1433
D7E6B39F-3C4C-2F92-AB13-5DE51D8A647E,1745,1712,1772,1867,1810,1822
97BD205B-5454-2531-3859-1F6EB95618B2,2081,2002,1973,1895,1974,2053
DE6A33A5-7F41-3792-52EB-8172D61E73A2,1872,1976,1915,1936,2000,2051
23A9C779-41E5-1B4A-B4A4-0ABD2AE1915B,2197,2165,2269,2334,2239,2308
82E72075-8757-04EA-ADD8-7D7EDC085178,2044,2027,2065,2015,2105,2197
4A84696F-AD1D-47FE-29AE-12A94D4F03F0,1572,1683,1785,1761,1719,1730
63755189-1AED-0E96-2E09-E6812E0519F3,1804,1830,1824,1793,1853,1782
B8F6D5A9-1C14-FDC1-F091-E6AE825E3177,1905,1879,1858,1810,1877,1796
07D07F34-9444-2190-6E44-F0A8508AD27D,1861,1946,2068,2003,2005,2011
7E99ACFE-76E3-B4BB-6F60-3EE10ABF4114,1891,1864,1864,1843,1740,1717
9137A71E-2922-B5B3-6D4C-AFCB06B51FAD,1618,1731,1686,1672,1737,1763
516F9277-A23A-389C-7CCA-13EA867F814D,1574,1602,1645,1652,1613,1570
913989CE-D4B5-CBDF-2B7C-4BF51E52BB99,1832,1960,1894,1887,1925,1987
61C06DB0-BDAF-67EB-D5BB-25B48DB004E6,2156,2219,2265,2266,2264,2235
0FE432AF-1DB9-6264-F048-324547EAF2B2,1916,2056,2081,2032,1928,1851
3CEABC0D-00F7-E612-D9D0-2A97495A813F,1848,1907,1956,2014,2039,2035
DC0D908C-AB36-FB25-317B-5411FB82AD2E,2007,2027,2126,2133,2049,2043
BC00F16E-7763-3B8B-4394-F7222DD5144F,2184,2297,2353,2403,2371,2276
6AAB2196-AA51-B4E7-A26B-A88B7C30CB0D,1868,1917,1897,1839,1898,1964
1148EAEC-F551-11F8-69D5-7CD4B159D828,2050,2072,2087,2063,2100,2134
CC6EA9FF-6FEB-17C4-5572-5F50D831D8A0,1858,1899,2000,1960,1891,1864
B5F36F33-976C-840A-C79A-A45D2A736A0A,1660,1722,1742,1794,1777,1734
9B1DFF64-8135-EABD-166C-84AE092361A9,1794,1854,1822,1914,1962,2032
3FA1C147-E7F1-DB7A-1079-C633A653CB0B,1858,1801,1831,1909,1926,1886
325BE217-4659-36D2-3909-4279165F6908,1935,2087,2145,2184,2150,2162
038F40F4-6A4C-9183-F74F-DAA6E087404E,2142,2111,2150,2150,2097,2189
11D7E625-1AD9-0230-0224-6AC45618CAF9,1759,1835,1939,1865,1806,1759
E3751C28-C9C5-F898-05B4-68B142A918C5,1793,1938,1972,1993,2037,1961
E91B6C63-375D-4C45-9789-93DBB3D98FE2,1817,1779,1766,1731,1668,1631
AE7E1224-3C11-A041-7298-C12BF5CC7E87,1732,1698,1753,1834,1820,1727
8769AD78-10FB-69DE-FDC4-BF43055C75B0,1678,1828,1825,1865,1894,1933
26E042A1-D503-4669-CEE0-3236032FB9B9,1621,1637,1713,1654,1641,1621
BC68D1A4-4240-0E99-1FE8-4FAB7C6B35C2,1993,2128,2245,2237,2323,2349
FAF3113C-8CAB-037E-9F02-94E5898C8AFF,1801,1778,1817,1819,1884,1843
208A1B8C-E274-1744-2975-F4161A734D6B,2079,2043,2088,2009,1960,1934
D6D715F7-9599-5124-90E7-E598F7EC8384,1921,1920,1903,1878,1883,1941
BE67212F-57F6-8703-9EB7-28993CE34EFC,2018,2005,1964,1945,1929,1919
22061E97-5529-9570-ED9E-7D7E6454808F,1828,1935,1950,2004,2063,2114
B08A1520-329C-1F4F-9C58-FF7F321B0164,1862,1830,1777,1710,1673,1648
02614169-DBF4-FEE4-2E98-0226EFDEB0A9,2195,2323,2372,2348,2336,2434
F957208C-7376-8923-7AF6-0FB3EBC8D45A,1597,1694,1690,1618,1691,1760
DC92FD2F-20D7-B793-3E88-363C2DF6C852,1762,1819,1934,1914,1963,2056
250CCCA0-D761-2BF2-BFEF-A7B7AEF76F20,1658,1642,1712,1784,1677,1654
BFDB6B20-7D34-C83C-E619-84ADAF604C46,1784,1732,1842,1934,1886,1883
A8117BFE-4244-8D3A-C8CD-BE8CE2CE5FCB,1807,1898,1907,1904,1982,1950
F99C8175-FD45-6E39-350D-65EC907B1754,1833,1879,1967,1974,2056,2132
6603F37D-48F7-69C0-FAE4-8E56E9213124,1980,2097,2175,2240,2282,2232
733C6306-03C3-2988-6085-9D0B1CDE81C0,2184,2202,2177,2210,2252,2274
6044F50D-1012-A7E6-7526-4EA007586D12,1941,2074,2104,2161,2247,2265
7B33C2A1-8429-625F-8F7B-C0D678DFD03E,2059,2037,2051,2042,2089,2089
34EFE860-4636-C888-4E35-267C5F08519C,2137,2068,2127,2076,2052,1989
305E5378-B34F-3800-66AD-93406EECD073,2134,2043,2079,2089,2156,2108
D97894BC-E88D-9A62-4D2F-28FFFCA93E74,1806,1871,1793,1765,1774,1828
F4E34A64-8232-D4C4-D58F-4FAF37CFC90D,2081,2021,2116,2154,2047,1972
D663E940-C090-A9F5-C7CB-00BDE75E2114,1874,1795,1764,1800,1697,1642
144BF0B5-8323-8595-ADF5-570960F62366,2169,2227,2183,2197,2168,2229
3BD1D8C7-224B-364A-E4BB-D9465585656D,1580,1523,1624,1718,1663,1577
269E446D-FDAF-CD47-F08C-7693BAAF74BC,1873,1845,1880,1838,1751,1756
90CE419F-62B8-5936-ED6A-17D9DDF93124,2124,2039,2062,1986,1948,1921
B091A9D0-F1F0-BE8F-705F-74F75D0ECCF6,1591,1672,1670,1623,1551,1561
219EE6E1-C5E0-8FDE-9E8A-8EC7C263EF5D,1886,1851,1826,1872,1865,1876
0F33AE51-A02D-1186-7FF2-9705B9A470F7,1947,1990,2011,1989,1899,1874
4B847B4C-44E3-E6A6-830E-092D50E6731D,1763,1684,1780,1742,1784,1692
E392D7EF-D5ED-ABF0-C2B4-6C10B5AA6688,1612,1620,1668,1595,1527,1609
B6A4B9E9-8412-B9D2-5979-570C427D3636,1861,1886,1921,1878,1868,1876
F1458869-C5E5-ADC2-FDD9-67ECE67A77CA,1961,1885,1856,1819,1731,1682
D9138F19-A1B3-4279-4FA9-63EE3A1A7AC1,1569,1624,1628,1575,1589,1591
B8E2EE01-8C62-8596-DBD3-9EF3C938943C,2078,2155,2161,2242,2307,2366
A0315309-2E33-059B-858A-5C8B514B5531,1681,1686,1808,1871,1851,1878
05C40507-B61D-1B07-05F8-5E9C1C88B551,2132,2151,2130,2115,2181,2157
B7D412F9-9EC1-B16D-C343-7A29A975E4EB,2165,2178,2172,2132,2032,2117
2CA2A9C7-2B97-BF2A-C023-5B7E3BEBAC97,2043,2170,2215,2311,2301,2398
98F1E9F3-E3A4-0340-A3DF-B4AC1B4F4179,2182,2246,2281,2355,2424,2361
D6ECB94E-C767-4D9A-5241-C3DA93FA8169,1569,1685,1753,1722,1610,1619
53C26B9D-7BCE-F67F-A180-5E85F00FE244,2184,2219,2160,2190,2211,2245
ECE14312-9A24-BACD-042B-B3F8212C4438,1899,1976,2078,2017,1943,1894
EB8D1C61-6772-BBB7-748E-8809AA2D86E0,1653,1767,1830,1917,1824,1875
7ECDCB9C-72C4-36A8-4033-4FF10A1E7D5E,1883,1921,2023,2022,2030,1954
149AFC18-BB9C-CCA5-1389-F9C8DBF9E5EE,1601,1664,1759,1755,1722,1637
74019C1A-AEA9-0C88-994C-24C3337C9D86,1730,1659,1631,1558,1547,1620
37011EF5-5121-E0BA-555C-9FFB1475A888,1751,1866,1825,1888,1840,1909
444D2571-98AC-8438-F1BC-68BAFC9F159F,1637,1616,1648,1740,1819,1722
C33A561C-1960-8B8B-C45D-6321DAEF783C,1982,2080,2037,2081,1983,1981
172370B8-BAE5-3985-D7A1-418DFBCEFC61,2092,2173,2109,2107,2120,2150
27C5EB2C-0B97-ED2A-9460-A45FB1A7259C,1573,1549,1619,1533,1472,1383
51B3A1ED-7AFA-AA68-5CD6-5CBBCFC76767,1711,1619,1699,1664,1571,1551
11416851-5DE5-1254-EA7F-E63835A52D5A,1818,1847,1876,1861,1939,1853
E390878B-2535-1E06-37FE-E50B0491DDD0,1726,1806,1928,1996,1969,1882
10B37265-D527-70F1-B984-94AF444721F7,1587,1681,1627,1579,1622,1611
7FBC3EED-2EB9-80E5-DCB0-363801378A75,1883,1837,1943,1956,1853,1852
4DFDB156-6748-535E-620E-61FD38A9C001,2122,2130,2060,2113,2091,2112
662DE1F5-F377-6528-711A-9E2C0DF513B2,1833,1838,1780,1816,1778,1864
8EABCB1B-33C4-036A-09EC-474E2F19B2DC,1798,1709,1745,1682,1708,1671
70274C36-88DD-FFAD-178F-01525DAB3EB7,1889,1995,1953,1952,2016,1961
93956C46-F660-1C0E-3A3C-EB42670C5027,1593,1557,1514,1582,1583,1571
B7F0EA0A-6A4D-BD5F-EADA-55E1382AC46F,1758,1809,1930,1849,1917,1964
A2096267-905E-9749-C845-FA25A5D1CFA0,1964,1975,2064,2037,1968,1981
72D19C26-C8D7-E613-4C47-A02D26B5FDF9,1987,2008,1980,2035,2031,2076
F777C428-14C3-F39B-592E-DE13AD3AC5AC,2051,2008,2126,2140,2102,2045
6A58A60B-23C8-B4C3-BABD-685C36A74EA9,1777,1879,1877,1873,1893,1820
E8D12BC7-EC54-2B0F-F4F2-3F7FD2CAE65D,1975,1969,2092,2047,2014,2082
F04FB2F1-840F-5707-5A5C-880F4A97719C,1848,1901,1884,1920,1893,1931
891100D1-2677-2BDE-193F-C8D589CB5710,1996,2093,2164,2084,2007,1919
2EEAE4E2-4077-6813-9C71-ACD77DA310E6,1693,1637,1639,1716,1721,1667
E4A8D0F0-E419-10FB-9121-D228169F14A0,2194,2313,2263,2292,2311,2331
550CF77C-9549-B5A1-17C6-028D918B4C3E,1825,1956,1936,1918,1896,1816
29C2B9B2-FA3F-7F2C-02A1-DC274224341D,2044,2118,2099,2064,2101,2170
54B57097-95D5-6F89-9989-26E174611548,1713,1746,1729,1763,1796,1702
7790E1B2-71F2-497F-A7C1-1BCF2AAD041C,1577,1500,1496,1558,1559,1478
B7EEE293-12E3-4CF4-C75D-CDB7CE37876C,1967,1907,1915,1845,1839,1876
892002C4-6B94-D62B-046D-CA8914345497,1904,1885,1961,1891,1938,1970
76D33D1B-FD23-B46A-5356-5C2BA6FDA138,2099,2094,2137,2066,1979,1995
026303A2-23E3-AB3F-9F60-78B35AE06B58,2103,2110,2055,2060,2092,2096
B77C2F4E-8F03-8E21-C2E2-364A0E1C0557,1682,1677,1639,1655,1674,1719
D06DA028-6937-10AE-D009-42C663B06AF3,1674,1783,1892,1900,1905,1985
F6F598F6-259F-1A5B-21E9-89DDEDC7A917,2119,2111,2133,2202,2239,2228
D01423F1-B7B1-D38D-97E8-838CAC50325D,1726,1667,1785,1707,1686,1682
48880B56-249C-EFAE-ABB0-06E1C826967D,1663,1691,1673,1680,1599,1607
C86632C8-7374-EC9B-3A01-7023E686FB00,1862,1921,1859,1858,1857,1799
1EF15C5B-8D23-277F-7B34-346DA86827EE,2024,1986,2018,2058,2087,2040
B8BAA4BB-501A-1A6E-D747-F4BD18853B6C,2170,2157,2204,2256,2211,2299
71614639-1461-B922-B515-E7370DCE635F,2200,2281,2320,2351,2426,2419
84426B36-E501-65CE-C338-2B51DE7E9497,2076,2205,2253,2231,2132,2107
04501A14-8226-164F-554E-CCF8E85A5B1F,2068,2118,2215,2150,2077,1998
27588E9E-B621-0522-87F2-DFC4B17CCFA7,2115,2250,2205,2123,2209,2155
2C85819D-F49A-45E7-DB44-0659B859BA2C,1992,2056,2172,2126,2029,2002
DD053637-9980-2A00-AD84-C72240313251,1815,1766,1752,1782,1791,1794
88E54FA0-5221-FC42-76E5-6725A077E215,1916,2047,2104,2133,2181,2277
ED69C13E-5985-F22D-4C51-59F9DBB9AFC7,1991,2114,2076,2134,2051,2030
EDD86220-B6DA-8A6F-19F7-2AF2A0314074,2105,2223,2211,2237,2207,2159
480BF0CE-C4AB-FBB6-3EAB-A402E9D7BC32,2136,2253,2321,2399,2372,2417
136793D1-075B-F031-E8C3-BA84D39BC1F1,2128,2119,2059,2041,1996,1957
8F3621ED-0362-F9E6-6A14-D58576F6C8C5,1788,1855,1977,1990,2028,2116
855EBDDC-0699-E698-F5AE-8488C46388D7,1890,1855,1974,2046,2018,2098
D3E2955D-0D20-1F35-14C4-F53BC998AE58,2124,2113,2046,2055,2067,2059
DB0DC8B8-5913-5B80-FB88-EA79CA9F4D3D,1806,1751,1702,1706,1621,1565
F3E7CBF3-6DE8-3E8D-9060-BBA3114E8C94,2064,2202,2153,2117,2148,2167
5A7DCDAF-C3B7-905C-EA92-D8CA7FBC0CB7,2131,2242,2298,2270,2297,2239
565BEC8C-3DCF-2C71-AEFE-62F11A4CE3B1,1938,1902,1868,1912,1977,1917
E130497E-B116-E10F-947F-CFA53D33EF9D,1817,1801,1802,1766,1805,1729
A465410F-3441-26E0-7BEB-11251BE9EEC7,1761,1741,1709,1792,1825,1796
3ABE5C2B-9BDE-21C0-9401-E7DAB51089E3,1674,1635,1684,1739,1786,1875
16EDBD72-2112-E10C-8DC9-73E98AED84A5,2082,2005,2067,2147,2084,2148
F3EE1C52-69B1-84E8-B497-BDD4895CDD7B,1717,1633,1645,1698,1738,1820
03EF99DB-CD99-3E36-FBF6-303D0E8A0546,1819,1792,1894,1930,1972,1951
3713F6ED-05CA-1507-9FB7-22A205A7C44D,1953,2019,2113,2112,2066,2009
8050FCC4-5864-CD4F-8D62-EA186E1E19C8,1969,2099,2117,2174,2253,2271
54D621F9-A70E-FFBB-6C84-0174DB8BA7BB,1848,1772,1825,1883,1828,1870
2D84B475-8646-B521-1B2E-E287A57F4CFE,1876,1958,1924,2018,2101,2084
4AA81D14-2175-3A2E-DFA3-0E23F8DCABB6,2000,1974,2027,2012,2029,2068
A465FEF4-43C0-F72F-5DC9-7CEBF285C28C,1792,1716,1701,1644,1707,1677
DE944449-6EEE-6912-B0FD-8F8A63A2B367,1782,1693,1692,1688,1692,1694
61056543-AA1A-BD8C-6F6C-665D08E19291,1776,1820,1766,1805,1696,1719
C6297085-4025-70A2-0D58-EED83260E560,2080,2071,2077,2116,2136,2221
9D5CA4DE-4B9E-CE4E-3B13-9C5F45EA8FEC,2146,2188,2296,2259,2271,2271
C4A2A8E8-E1CE-A354-C22B-A32B85609565,1702,1642,1617,1713,1753,1849
2B1FA79E-52D1-3D67-D363-2A64FD1B7F03,1763,1823,1925,1973,2057,2099
BA9EE4C8-1762-3046-1225-97079FC1B9BD,1961,2044,2048,1968,1856,1882
17208EC4-2099-0C08-4923-27D0D1420324,1944,1898,1851,1783,1748,1796
47FEDE0F-B86B-3484-192B-438004F7521F,1667,1779,1732,1699,1623,1560
B2FCCC44-8DAC-92D2-0D25-4A6F1A1CC86F,1793,1899,1854,1935,1881,1959
DEBEF09C-E1CC-ACB4-E6D7-732DA912661F,1696,1739,1841,1823,1906,1925
8C094B28-C3BA-5A7E-35CD-439C6329B057,1650,1600,1618,1715,1651,1680
FBE30D81-68AB-76C9-0EC2-ED4437D2813A,1800,1846,1832,1847,1767,1790
D8B3AA8E-CB2A-64C6-2498-188EF1C606B1,1794,1782,1867,1895,1882,1970
A9CABBD6-F0D9-9DC7-5E15-2F5D60DED267,2127,2090,2163,2211,2267,2330
FFCE865D-6A61-DDA7-0450-B8795E7B054A,1929,1919,1937,1944,1833,1870
75832A8F-94ED-4BB8-AE2F-DAD038CF5542,1597,1724,1671,1676,1665,1749
0F7ED063-CBE6-BB52-6CC6-3D7C43612C1C,1683,1625,1679,1596,1657,1633
9EED51A1-7270-F864-6C65-90AAB1C9AABA,2138,2137,2125,2062,2077,2126
43C03AF3-90DA-F967-2543-879CEEED3408,2032,2174,2223,2219,2148,2157
81CE2343-A8BA-BD61-671F-A5A31269875C,1755,1768,1878,1801,1774,1732
1EB6B108-7D9B-DA4A-8317-3B373039A226,2067,2173,2125,2115,2024,2062
041ECE86-6D73-2290-C0D7-5D979278DD28,1809,1828,1928,1864,1846,1881
0F42E1CF-CE8C-EFA8-3DDB-9EA033F8419E,2006,2078,2181,2239,2157,2253
3C330FAB-C5D7-3823-91CA-3C71F3A026F5,1691,1612,1579,1640,1653,1563
348FD764-7B4A-9986-C76B-5CF066A70A19,1611,1738,1757,1696,1679,1716
7F8B91EF-3821-6DBC-C14F-708536B37B66,2199,2255,2215,2273,2299,2227
778FA25E-3ED8-3172-4198-D62A746C38C0,2075,2149,2145,2221,2254,2324
A16A61B4-64C5-4840-F832-68BB5B954D72,1757,1875,1966,2056,2109,2144
F59D1335-2385-35A0-101C-5F35501DA1C5,2033,2042,1968,1885,1917,2009
567F6D38-EB65-E267-3D7A-4F2935D40077,1794,1769,1879,1954,1861,1871
91B88217-9191-7E16-C159-A65F4E6F8083,1979,1977,2001,2090,2173,2174
79431638-4B9A-063A-D785-5EDE4B2BB5E1,1572,1490,1477,1498,1586,1675
7415AB35-77DD-D439-9CDE-5B6049174C2D,1822,1750,1770,1780,1741,1788
48D4D3DB-9605-A7F1-6B5C-E206C6F1FA5F,1687,1676,1668,1669,1727,1656
49F094F0-161F-2B4B-92CF-3C10E4D75706,1950,2003,1999,2025,1960,1865
B273E3CC-BE44-9CEE-0CA2-13B5782538A7,2087,2004,2047,1962,1974,1950
39DF8C48-3875-36BC-8B8C-C14CCAE83E37,1670,1816,1827,1896,1939,1888
43E80BE5-32B5-93C1-008F-26EBE96617D0,2148,2173,2124,2143,2058,2103
BB182CB6-5443-3158-3359-D9B60F0D7024,1772,1825,1818,1847,1765,1772
8B706B90-0B2F-9478-5EC8-52B67A852B33,1790,1823,1936,1852,1870,1864
D05D798E-EEBA-56AF-51CE-6A4F98D24F5F,1996,2042,2063,2058,1963,1899
680E5DA2-A410-AAA6-7B1C-F972978B99E0,1652,1724,1694,1682,1588,1607
918D0929-057F-D647-8943-AF2491F5B824,1608,1657,1622,1652,1619,1547
2342692D-D74F-CCDB-1B60-CF94F839A3AA,1713,1836,1764,1779,1793,1878
71013C96-DA3C-E67C-FEAB-1072FAE9EE65,2035,2026,2121,2103,2191,2251
1B914360-3971-9F83-ECFE-4C85F4E229B3,2167,2085,2175,2161,2231,2280
443E89A6-8224-1310-E663-930F3E873A6A,1797,1725,1662,1747,1836,1868
4D66E164-CC8C-5366-75F2-AE69DE4EA09A,1632,1557,1497,1519,1474,1383
C9A1D4AF-F2AC-F1CB-4700-B4F6E19FB9FD,2015,2075,2109,2055,1980,1977
262D99BC-7FB7-9A36-DD44-6FEB7EF3122D,2022,2173,2194,2282,2235,2302
2F05DA16-F502-0DCF-6F22-4948340B2C27,1662,1582,1602,1575,1556,1483
C3AF5482-8D97-7DE8-5F3B-3D5E8A2E14AC,2201,2269,2324,2349,2363,2381
FF95A7AD-7202-1853-9FD1-C1152101BD7F,1914,1854,1813,1786,1834,1883
1016CF85-60E5-D1CD-11DC-3CD03E9CDDA3,2014,1996,2024,1955,1851,1761
D9422614-E8BD-4402-48E6-40C705351B07,1778,1911,1990,1957,2017,1985
1126ECE9-121C-F69E-C66A-DADBFAAFD64D,1594,1673,1620,1615,1617,1611
5C90B1CC-99C1-1E38-E98B-EC0998075198,1571,1506,1545,1497,1572,1511
3F7E1650-D5AA-C4F6-54FF-4459F7A8578A,2042,2192,2213,2195,2194,2157
F3B8C65F-01C4-3FC0-32DD-F472E9873FE2,1645,1717,1640,1659,1687,1711
D0FBAE73-CE5C-A3EB-7779-433E02FC7364,2178,2158,2151,2242,2314,2331
5046B594-A660-CCE9-6F20-315E647AA0F8,2191,2109,2151,2125,2157,2246
8F9D915E-ABCF-1BBC-8941-5B3C55C9F227,1903,1959,2072,2131,2138,2107
D8B972F1-F7F2-F2FF-6C31-59B0F0B5F56E,2025,2171,2189,2253,2235,2278
1C6BA77D-492F-96D2-09B7-C10A7585E902,1566,1661,1780,1790,1878,1819
B1D16B98-23DF-5F88-3C0C-627C1252D105,1981,2085,2138,2080,2091,2105
5C478610-2485-7D7E-9F48-1D5221729040,2009,2055,2126,2137,2174,2100
9986711E-22C9-13D6-0A9E-07B62FFD52EB,1629,1729,1769,1838,1741,1669
42B62136-0360-6B34-916B-FAAC59993F0E,1714,1665,1681,1741,1710,1783
6BDAB252-1672-F5C7-0C3C-1E7DCD91CE87,2154,2255,2287,2385,2380,2437
3CF98CB2-6D99-E634-4020-443A6C12B2CC,1887,1847,1920,1978,1987,1961
E400C509-2B5A-14C6-246A-029DF29BEAD7,1645,1652,1700,1698,1765,1757
2610CE28-D377-C4D4-079B-58B3184C07F7,2041,2009,1952,1917,1947,1873
FE8ABF05-AA5D-C860-58DA-3B498CF8BE5D,1567,1605,1674,1604,1538,1600
EA73BEEF-388A-45EE-3F3C-EBF9C0B30A9F,1770,1701,1626,1709,1667,1639
4B9860E6-B6D0-940C-70C4-5543EAE5AD9C,1794,1947,1881,1960,1919,1923
D8A0FC75-18E0-D417-9B03-3F95ACC8C467,2198,2329,2256,2196,2099,2135
823A4D60-5DEE-19F9-44FE-EAEC47261227,1594,1745,1844,1941,2023,2018
09D3E9DB-F288-75A2-2718-209F56056E20,1649,1795,1748,1750,1774,1810
C0805535-1C96-5CEC-4183-E4E260A1F03F,1844,1823,1868,1838,1892,1897
5478C2DD-697A-0D98-5D21-97F9D23D2AED,1644,1751,1862,1865,1812,1817
15E8CE97-D899-1F9D-6D3E-283A23F040FD,1744,1778,1826,1784,1762,1790
D834BB88-6053-CC33-7377-4FEE3C5132F6,1839,1940,1986,1935,1825,1733
4027009C-7B2E-560A-F951-297462A79713,1759,1665,1690,1643,1594,1630
69983362-9C89-7F6E-FE6E-607F39ED53B2,2154,2117,2229,2256,2282,2274
E4769ADA-E23E-5BB4-DD2C-35B2A3102418,1583,1551,1652,1634,1718,1677
F1D0F574-A0FC-DEC5-4C51-7A0A8DDDEBB8,1741,1698,1808,1729,1812,1882
09F24012-BEA2-F7C2-612F-B5DBF5EA6466,2097,2140,2106,2157,2201,2146
3CF28A4F-560A-6F40-8CB8-440EB52EC827,1812,1752,1834,1837,1876,1910
2BA31FF6-2D8C-2678-ADA9-39A8DA6DF787,2020,1956,1931,1878,1797,1836
AFAA9A19-DA8F-374E-D45F-3C2A9EBF899D,1645,1785,1748,1686,1575,1667
E33F9F3E-6BA0-2584-8067-BACC436C6B33,1633,1628,1715,1698,1745,1660
F3775D88-756F-2C1F-66A3-6FAD674E76B6,1814,1937,1900,1987,2062,2138
EFCF1264-E88F-5EFE-0F2E-42AF97A3FEDC,2083,2083,2148,2114,2048,1961
D6B61F98-139D-0C72-5E4B-104C2F26E22B,2142,2231,2220,2157,2115,2050
35A886CC-4231-8539-D9DA-EF77CEC6A5D0,2121,2189,2201,2120,2046,1949
641FCE07-0AB9-3F1B-D748-22D3F7A48A70,1997,2078,2099,2169,2171,2080
47829CCD-465F-7FAE-C2E9-3F499989CDDF,2032,1951,2030,1948,1866,1831
93899D2D-FCAF-459C-1B85-5CED989998EB,1729,1838,1778,1753,1725,1637
128A6F77-0B21-AFA3-31B9-8B029D3BB0A0,1785,1711,1652,1709,1749,1744
EBFFB69A-B500-65A5-0CFF-B549BD5926BE,1836,1872,1893,1875,1890,1804
69B78FC5-74EE-9154-45C7-B3DDBCDB353B,1749,1692,1709,1771,1700,1725
FD8FFCF6-AC96-565D-17BA-2FCAFDB46D15,1832,1825,1941,1904,1970,1985
66D30E76-22FF-D4CB-3E9E-39B86D87A8C4,1621,1625,1584,1500,1499,1556
BF5ADBD4-8D50-00B0-5E47-0D83F49D0712,1659,1601,1541,1504,1525,1484
E9E7932E-B205-B7A5-305F-39EF2A4DD32F,1954,1890,1999,1959,1976,1968
9CC02AE3-92A4-BC16-93F4-BE9F7B5AEB40,2150,2293,2404,2381,2308,2327
EA108825-95C5-AF6B-E906-3906E3E02EC7,1703,1676,1714,1744,1739,1656
52BE1D7B-00FD-E395-0FD8-C288E8590297,1606,1688,1764,1688,1704,1638
CCDE537A-7259-524F-8EC5-13998DA8483F,1631,1699,1816,1822,1875,1825
ACD84577-21C8-28DA-1457-08EA5C778315,1982,1962,2014,2019,2064,2105
93C59F38-DE28-E260-FC38-053BB9D78D50,2078,2121,2159,2190,2106,2150
B71CA4B1-3E46-ADC1-0ED1-6457289773DF,1722,1653,1689,1641,1721,1714
614FB481-CDCE-ED90-3337-5E513CAE0FE3,1768,1835,1915,1865,1877,1942
191CCD5C-F78F-A69F-B38A-35B840AF00FC,1680,1608,1568,1495,1476,1524
A201E42F-9B87-1B20-6B87-4406EE1603D3,1660,1585,1708,1651,1739,1804
03F11542-166F-1A21-5213-A5D0B72A8495,2073,2032,2096,2146,2097,2005
07320049-A3D7-7D49-46BC-AFE76DF2FD38,1775,1857,1959,1891,1943,1863
6B9BD5FB-8203-3DA9-8EBA-887055AA6BCE,2030,2172,2255,2206,2195,2104
7C3DE600-D17F-9433-8F00-D6C0FA1C3542,1572,1570,1531,1542,1593,1647
2A62BDCE-7833-EF55-D5BB-632A38525D2C,1567,1566,1544,1574,1591,1682
50DC172C-2AFE-9D9A-9A9B-28D262E95BAD,1957,1961,2047,2015,1963,1987
2AF43389-677A-E942-5D4D-07A582DA4685,1912,1962,2043,2043,2088,2032
FD7B6245-8425-D2AE-FA70-3F74F981BAB9,2111,2165,2209,2160,2089,2105
CC6EC5FC-E59E-7BA4-63BD-BFDE2066388E,2197,2121,2061,2055,2145,2165
28E79F37-DE8D-D404-7DBC-46B99FBDB3B8,1728,1877,1971,1929,1861,1823
61A0AE1F-333A-E5B5-872D-30EB97D635E9,1822,1738,1845,1866,1885,1887
F0A9744E-C3E3-B9B8-D1DE-C3AEDF62DA30,2008,1984,1955,1877,1790,1805
F3156093-884A-C7B9-9CAC-D723E8C35BD0,1867,1882,1916,1951,1970,1940
E7D7349D-FD61-0C08-18EC-024613D33382,1953,1993,2058,2074,2011,1980
49C72F5F-0A0F-A280-4CC1-54B080BC0A45,1946,1927,2030,2114,2045,2101
CA4CC5F5-7BF6-4F0C-BE5B-F80DA4F0612D,1659,1732,1701,1755,1652,1662
BE8AFA9F-C704-EB20-F39D-B9EB3A84F1DD,1978,2012,2019,1974,2015,1924
84809B0C-0CD7-CA52-9504-03364DF3BB98,1965,2074,2135,2062,2048,2011
588BF2E6-69BA-E3E1-D384-751972312D12,1971,2116,2056,2132,2180,2148
EA6BBE86-9695-CB84-E63F-9F997954A371,2078,2028,2045,2023,2037,1990
6B6D6AB7-7FCD-2D89-9033-B55B24C7CB29,1959,1872,1961,1939,1968,2064
4A3AEB3C-12E6-D161-8DF5-F5B6AA868F9B,1765,1671,1720,1638,1679,1690
23E8B729-364C-DE8F-2A41-C2E41DE972A9,2187,2333,2402,2497,2485,2440
F1BEB4EE-49BB-D2A5-8BC6-09DDF3609DAA,1642,1709,1672,1637,1633,1550
47FD2249-4947-DFCD-49CC-1CD5437D0160,2116,2070,2089,2181,2125,2037
BFD0C43D-7A5A-32B8-95B9-4BFD8460AAF1,2167,2297,2388,2401,2332,2291
DE07EC63-985F-58CA-97F3-134BDCD64FF6,1833,1779,1840,1836,1814,1847
F5241D9F-9F8F-EC31-350E-5AC83FB43C21,2073,2011,2028,2005,1905,1871
745A5D1A-5E81-17B7-2ED8-127CF90E7F17,1739,1660,1587,1618,1695,1611
AA367C3E-D430-0791-CA23-F72B6501B975,2168,2126,2186,2116,2148,2179
6123E548-6F38-1BA3-C84D-E9F2E2617424,1989,1893,1969,1910,1896,1992
9A58BACF-8D7B-9ABC-8084-67494E54C56E,1857,1900,1999,2039,1944,1978
88C650AB-182B-B996-4B4B-094299586B7A,2035,2167,2205,2224,2275,2326
56044E9C-E91C-4C14-C09D-E26F3450B424,2032,2011,2083,2038,2047,1959
06EA06CB-59C9-3F8D-A8E0-F1CF6E55C64B,1679,1665,1731,1723,1777,1746
68F3CE0A-2CD9-AA44-08A7-11BC0AE46921,1896,1922,1965,2020,2097,2162
7CE85D78-1629-7A8C-A13A-FB729ABA79FF,1587,1531,1494,1420,1355,1377
92B48DAE-CE2D-9812-4ABC-3B6E672B21D0,2158,2092,2184,2249,2335,2425
C661F848-999B-1F34-09EA-001CF859C729,1642,1694,1780,1875,1924,1993
DAA74668-E854-91D2-FA37-510F81EDF27A,2176,2114,2068,2029,2092,2168
6B173D39-7C8C-C6A6-8699-90C8C2441E12,2039,1986,2032,2045,1997,2095
0AA5D1AC-EF99-B046-D6C5-D2F13259FBD2,2147,2145,2186,2169,2255,2299
5358D2C2-5297-FB91-55C1-FC51651E56C8,1727,1768,1760,1713,1803,1714
F5C3F103-B0DE-0315-3FCC-4DB518F79F14,2018,2071,2129,2161,2170,2124
0AA63495-E6F6-B5B5-DB1E-AF075D3EA2C9,1655,1718,1775,1735,1713,1667
E2E1294A-44AD-2B14-6F11-20D2B7BF36B4,2173,2080,2125,2196,2279,2305
3A505266-EAB6-9C47-F1F1-481630A4DE34,2085,2107,2194,2224,2189,2230
7D01AA4E-8D55-030E-65C3-3F52BA501996,1956,2109,2104,2041,2111,2115
FC36428A-F552-79EC-C948-301267982692,2031,2126,2125,2117,2110,2024
CDA44984-1FDC-A3D4-9B4F-B63537CEEEE4,1948,2058,2150,2122,2024,2110
33F20498-8C96-7745-1CEA-8245A23FDD29,1721,1765,1827,1819,1845,1832
FF8B8B9C-17C6-26B2-99A0-F6390AC89863,1904,1999,1944,2018,2069,1985
430B5049-9501-F343-0589-B88EBDF27AE2,2027,2101,2028,2087,2023,1987
FAAFBD5A-4DFA-379C-A6B8-28FA41A73967,1869,1914,1859,1859,1757,1737
2B0679EE-0FF3-2AAB-5B67-BFEBFD30DBC2,1651,1675,1672,1727,1666,1666
54501D93-BB53-CEA0-67C5-3B9D90CF204B,2073,2079,2016,2090,2127,2044
86656107-6964-529D-BE95-EA055258E7E8,1611,1740,1771,1809,1753,1689
90591613-7792-468E-0E16-C37EE0599884,1594,1656,1647,1629,1687,1682
AFF07477-CAFE-53EF-C867-964CAC06C02C,1752,1706,1811,1866,1913,1827
4B958667-C5C5-7CC9-1A98-7398E89BEB3A,2099,2008,1997,2033,2022,2047
F5DDC203-F6C3-F7B4-B1D4-6B8A58DFD43B,1574,1480,1583,1534,1499,1407
98611B61-F769-B4B0-18C0-839BD2391478,1899,2023,2045,2111,2184,2270
D4AC1905-0FA1-0F4B-DAD5-90EB761F8853,2115,2082,2046,2017,2060,2017
A1D1BAD9-9FBB-9F2B-DE08-2BE8F864F2E7,1772,1910,1838,1818,1846,1876
EBC83B7C-72A5-F4C2-16FB-83E875B15088,1987,2052,2037,1951,1936,1879
8B8DFB2D-991E-253A-DF6B-33E9AE3FF822,1895,2019,2141,2090,1994,2009
AC521E89-57A1-AA6D-73D1-EE99ABF06796,1909,1844,1961,1887,1840,1809
7EC6ADDE-BE7B-6A89-0A75-82771ACA9F88,1630,1765,1761,1700,1607,1516
A8983EE6-5C83-E2F9-55C4-404FF1498748,1807,1800,1773,1754,1750,1691
E7097979-F2F4-EB7B-43E9-AA491EE031B7,2013,2116,2171,2169,2250,2227
E91EFE4F-62A6-556A-489B-C08757F7486F,1885,1840,1815,1819,1734,1699
0BE280CF-226E-A027-39FF-8EA24FF09A7D,1925,1971,1927,1875,1767,1770
C24A18FC-41E3-F2B6-B8CD-6289E5E61068,2011,2145,2227,2179,2194,2188
7683207E-4DB6-AC32-9CC8-76AF06D15770,1746,1772,1743,1820,1727,1684
53FE23D1-C927-DCF9-FB25-C6586D78B22E,1764,1869,1982,2003,1991,2025
ECE3B36F-753F-598C-0B37-384D6FF5C503,1716,1705,1666,1644,1680,1631
22D02028-50D4-627B-909C-91AF6D6B2901,1697,1701,1755,1671,1749,1778
3E1670D8-4DCE-EA73-17D6-8D34BBAF5039,2055,2100,2203,2232,2201,2208
18991C41-C738-B8EE-7448-A23DFE6D129E,1738,1870,1808,1753,1652,1709
A5C1533D-1A94-3548-B435-27B156BE52E2,2064,2028,2006,2093,2109,2039
B083E52D-9BD1-C7AF-79C7-8864D841CF02,1937,2062,2069,1994,1985,1994
2EF51189-D072-FB10-1688-B66C307CA065,1639,1679,1792,1779,1696,1719
20EAC82E-4240-F9F6-529A-401363406BBF,2105,2059,2091,2167,2240,2246
38D72B85-C67C-7FBC-C912-B8F318430921,1988,1927,1884,1855,1754,1692
FB9B6345-3208-D421-B93A-3B98D7F1C0E4,1631,1577,1651,1687,1689,1591
11D4FFFF-AFFC-1981-0747-D0F8255B5A59,1678,1729,1827,1754,1802,1788
FB5688C7-4C90-E1A4-80EE-8A7F7047656F,1922,1936,1966,1959,1972,2003
8855F782-6C71-32E6-D8C7-1E7E2FD8A0B1,1826,1966,2082,2041,1935,1933
8BA22FA1-6EFE-8349-E1A9-34C7AC7A6156,1738,1853,1781,1827,1874,1882
5222BF09-6265-9954-7E9E-2F68590FB33E,2114,2174,2141,2093,2075,2062
064373A5-A9DD-2FB0-4773-C919A20CC31A,1902,1987,1933,1918,1869,1821
45F78F6C-9A08-E837-C36A-1D22AB224D20,1834,1768,1794,1729,1757,1842
A7F6A9B4-24A5-DA57-3525-9AC25EAD7EF0,2141,2047,2154,2069,2076,1985
94F78846-A4E6-6F21-934E-9D59B91F3BB2,1840,1990,2101,2056,2115,2120
DC3B7EE4-17A2-6F89-6A7A-429353DA3D71,1590,1590,1563,1644,1720,1794
7BF719DB-903E-1762-ECD9-0CF762A26747,2184,2222,2319,2358,2391,2426
B64B2B54-82C6-A601-75CB-A3F9E20EFFE5,2146,2268,2283,2340,2306,2246
46D37C1B-A7B5-8C04-C048-D6DA929FBC78,1570,1562,1581,1505,1404,1344
3B8EB301-5C62-D123-29DD-FDE4E41FC013,1570,1527,1565,1525,1460,1490
FA4D3BBB-AE72-3D39-AEC2-0A00221C3BFE,1697,1710,1790,1711,1664,1621
8A2B386E-DEDD-E113-18A8-6D4E53FC71AB,1796,1822,1913,1915,1860,1813
8B1BD01B-6CF1-C691-CF84-7D12BC08B726,1671,1583,1681,1773,1661,1703
E47A5C1D-60D3-580C-340B-BD7EF39C0B3D,2135,2138,2094,2052,1956,1864
33304822-01FB-C58A-AD0E-7F97DC39FEC7,2042,2041,2030,2028,1959,1949
4084AF81-BF4D-AEC6-0DB1-70621C1F7CB6,1982,2061,2136,2225,2312,2353
385D00CF-4DAB-4C59-90C6-D32FD09A8AD7,1835,1779,1853,1831,1840,1762
28D436C9-D5E3-6BC4-DFBB-8F7F8769B97F,1986,1941,2033,2110,2100,2157
51D8711A-0D63-D2FE-EFB6-799EDA29E081,1897,1982,2070,2014,1922,1826
8234F97C-CD02-13DB-8FE8-14712D6E3C1E,2019,2162,2164,2181,2209,2253
CC510120-D814-D6EE-5F3E-CE95542E3CDA,1757,1902,1911,1902,1814,1855
2839A35C-2AAE-1458-3F42-8DEB4053A96A,2018,2093,2036,2118,2087,2169
9687F5D6-1A4A-4001-E4F7-666CEC254A17,1914,1834,1944,2015,1983,1894
489A3816-8E71-D979-B0A3-14AC253C7954,2172,2246,2233,2324,2408,2362
82A96942-79D0-1F63-B912-4550EC80E562,1881,1988,2081,2101,2011,1967
F3C2D309-D550-6E43-E086-A9EA8A13CB3C,1687,1767,1842,1866,1863,1875
42D75485-A8E9-73A9-AEEF-348797153B31,1816,1816,1855,1774,1830,1890
7F287915-0EFD-44CD-90F7-B7178720CBD4,1731,1803,1776,1717,1730,1652
F99DA8F5-A96D-4B60-6BC8-45D28C4DC037,2004,1985,1976,1994,1892,1938
1439FAA4-319B-2094-4CA1-9D0ACC5F5296,1620,1705,1687,1760,1669,1722
A1457954-D03F-E5A6-5F94-F71C46C6CCE1,1608,1748,1784,1819,1882,1853
1D02E3FD-D5C4-8E74-7C45-0EEEE7B09CCE,2020,2137,2184,2099,2141,2162
0F3D34DC-81FE-4EAB-1895-E2E8A3C9E164,1881,1854,1806,1852,1786,1859
2DD68025-78B5-E054-9A1C-5B8395E34C29,1876,1796,1839,1787,1821,1888
F30BEEF5-A1D7-6C2D-061D-7C3E7C62D858,1811,1923,1993,1979,1877,1913
9198E9C0-CEC6-44A2-56ED-C58C1E560EDE,2089,2154,2255,2176,2247,2264
E285B965-03D9-7C3F-1393-FF0052548DEA,1607,1545,1588,1574,1498,1488
BC7C2C79-9494-4C31-A4D9-A27FCF949764,1565,1496,1468,1411,1461,1399
4F370DE0-E43D-AEF7-B0C1-7FEA021BC193,2041,2017,1960,1886,1873,1865
9F477688-097F-0312-1427-24D274C2C9B6,1648,1643,1623,1579,1517,1433
233D47DA-6D79-C1DF-E0D9-E1A9956F386C,2127,2051,2171,2190,2132,2122
237E5A51-D268-AB73-BE98-7D6AEFF64428,2123,2276,2326,2285,2262,2243
BE022D3F-B712-5A2F-C5E6-66C916446609,2055,2123,2067,2148,2058,2017
FEFE200C-6FD6-2BB5-25FC-5E1DD6C2A9D1,1985,2025,1959,1894,1972,1900
1B908842-5F87-4936-D274-A25F795021E4,1761,1847,1819,1733,1635,1639
8BE7271E-B6DC-5B2A-EB25-DD4224395478,1811,1798,1803,1790,1782,1842
1B77D21C-F3C5-EC7A-57AD-ABBE9C432F5F,1610,1601,1668,1581,1546,1459
67E85730-D87A-8B30-1A63-48B600715422,1624,1746,1817,1844,1885,1801
1E74E9BA-BF02-7973-8A47-B39448A29E4E,2052,1980,2068,2064,2030,2104
4C42A20A-7746-F4AC-FB29-9CE98758E223,1840,1857,1849,1863,1864,1936
8C55DFDC-5DEF-3AEE-54E3-6B3450144A16,1628,1535,1515,1509,1541,1545
D61A95C4-179F-140B-D887-12C5B415ADC5,1674,1692,1791,1727,1796,1706
45CED01C-8891-946D-62D2-1901B947FD5B,1674,1663,1769,1683,1745,1717
D4EDFD00-DAB5-784C-189D-8D854B95A87C,1952,2063,2072,2054,1957,1946
9035C88E-F652-0620-BA56-B72CF34E003B,2080,2093,2084,2075,2146,2086
2B439179-F120-1BBA-312C-9FD5E32637AE,1833,1876,1921,1933,2001,2066
AB5BC671-07F2-6A4B-01D5-143D232C1720,2131,2127,2235,2272,2276,2297
5BEABBF0-85E3-075E-97E6-65D6EEF3F205,1628,1581,1558,1648,1595,1554
FBF8BC67-0381-3B28-2792-9F1A7DDA3818,1990,2076,2174,2170,2172,2107
84616802-0F03-C456-B538-8FCCE2394E58,1934,1905,1831,1920,1841,1744
8760ADEC-2691-DEAD-97E1-528FAC807CC7,1667,1716,1818,1891,1981,2052
C335E4BB-F513-F87B-208F-AF9E679EEA1E,2011,2092,2035,2072,1983,1918
6777D8D8-A329-BBAF-79FA-16784CD816E2,1901,2032,2154,2152,2148,2127
DF7AD423-5F66-7E2B-0567-297199E44D77,1829,1974,2028,2111,2012,2074
E01BEDC8-C448-3A5D-8FC3-E71275F14D3D,2034,2094,2214,2271,2202,2132
74A32FE6-A6C4-5107-80A8-0DFF595452BC,1953,1908,1947,1970,2041,2010
D9785AC1-F6F9-C802-514D-25295358C76A,1814,1911,1899,1867,1797,1846
EC5C5876-7CC9-CBFC-0E16-A372B0CC97A9,1714,1855,1934,1981,2055,1970
B4FBA3DD-4D37-8484-B0D8-9C0ED1A6ADE5,1641,1544,1563,1514,1495,1438
2E3C380D-3A57-EEFC-BDD1-77EA403B9E10,1925,2073,2037,2118,2010,2005
BCE3CD3D-4036-6624-A08B-0C9A4EEA64D0,1849,1945,2042,2011,2022,1951
2359730B-03C2-B517-E241-86F1C36D8221,1835,1938,2044,2041,2060,2034
D097D3C0-FFC9-5E5C-F749-66A26E25E745,1995,1997,2115,2121,2109,2014
FA23AA58-8592-EE00-36DB-4189A2CB6C3D,1892,1806,1895,1847,1852,1948
6A4438B4-7CF0-60EB-AE40-4CA7EC24092E,1741,1725,1728,1786,1684,1697
7D11CBD1-F912-9020-2899-26929056245D,1849,1762,1863,1846,1914,1831
AC7097C4-95DC-1C70-A522-07A78A6525B7,2005,1983,2070,2042,2064,1980
CCFC759E-E403-12B4-E91B-0FB340A06D07,1890,1810,1895,1945,1940,1976
D0845454-59DB-BA1B-272C-B34905A6004A,1863,1799,1805,1740,1689,1640
663A658E-A31F-11AE-4DC5-650E25E20BD2,1821,1807,1788,1809,1880,1836
1170505F-440C-1859-4F55-24E122A4DE1B,1716,1862,1852,1917,1989,2002
85D4FBBE-4352-474E-2C57-105D4568A580,2150,2116,2145,2237,2223,2164
07F3B66F-8BC9-AA86-265E-E1FCC6411E47,1854,1873,1882,1803,1722,1763
CA6ACC25-79D0-C9A3-EEC4-464A17AFD39D,2096,2040,2045,2005,2025,2053
6031D3B3-421E-7600-E99B-656B1FE1D682,2057,1991,2029,1959,1947,1986
4A963FC0-AF6D-7475-785B-1317774619BC,2080,2006,2100,2031,2097,2008
DA8F01CC-E3CC-8B33-55A1-F3FCE1383A54,2122,2237,2322,2328,2299,2324
50EE46A1-0FD4-7A46-2E73-05F3A858A035,2006,1941,2039,1962,1913,1887
AC0A9F02-4F98-D76B-143D-5C6E8BF2D2E5,2167,2215,2145,2162,2166,2136
7BF71843-619B-4160-0735-5C88654BDA7F,1942,2090,2110,2045,2095,2038
8C8C18C7-B0FD-428A-895B-3033C2CECD5C,1792,1716,1669,1722,1703,1717
26990661-183F-F42C-E938-AE9F002B7F16,1969,1928,1875,1965,1874,1912
13D90506-E772-B9FE-2EC1-4D19BBA4E5CF,1945,1931,1867,1840,1804,1868
BBF35D39-9579-863E-670B-4FEE98F876ED,1669,1595,1517,1440,1462,1431
702A4BE2-42E0-107A-7AC7-F1F6B697B4B8,1658,1779,1806,1748,1781,1748
EFA1562E-EB9B-61DA-F9D3-6C6A57EFAA78,1872,1809,1837,1825,1890,1861
03965FD3-15F6-7856-F275-12DC8569650F,1731,1775,1751,1768,1700,1611
C1C718BA-A6CD-7BD9-4EA4-49A5C6D0D23B,1952,2002,2120,2116,2050,1972
0FC68918-9F76-D4AF-839C-3384263718DB,2004,2116,2204,2142,2098,2008
BC7CCB8B-2F53-2E30-024B-16252AF0B0F8,1904,1984,1932,1968,2036,1945
49AD3E43-23BA-2B92-97EA-B8E86C68826A,1619,1592,1669,1614,1540,1522
F66DB787-3B4D-F386-4787-45AFFB7E5D5D,1761,1711,1644,1626,1677,1743
F9338D5F-BFEB-29C9-7E0B-6545BC8A7806,2087,2108,2227,2325,2218,2149
1CC176DC-8285-F098-6C0C-A7FB64D7814D,2015,2036,2111,2117,2104,2117
2B139690-88C6-E730-CA45-8BF4D20B8848,1971,1970,2043,2005,2080,1996
14A538E3-7B42-2255-00C4-2D42D213B4B7,2003,1926,1902,1836,1799,1897
755613DE-E6E7-F090-2C31-7CD69C69D4F4,1631,1772,1822,1786,1813,1812
AB0B11D3-5338-09F6-921C-AAA4961359F7,2096,2080,2128,2134,2215,2244
E128F4B1-DADB-0A68-EB7E-B1472551BA65,1909,1906,1881,1802,1785,1778
47755DB6-9C09-CA81-5D63-E6589B5AA1CF,1579,1603,1621,1657,1607,1686
B705058E-E390-2635-C9DE-66CD8E75098E,1753,1688,1688,1714,1651,1737
ACE430A8-3EF2-DD62-487D-C21722D59CEC,1752,1747,1827,1756,1741,1692
2C58AB31-A9DA-A208-6C80-8DFF1582DA83,1979,2075,2192,2146,2049,2014
823AD947-3F89-CE2D-9174-8045964E80FB,2125,2104,2056,2058,2113,2210
4C2DAA3A-541D-2091-ABCA-464B32A03D9A,2108,2112,2213,2282,2184,2116
A1B371E2-A1BE-CF9E-33AE-DEBF6CE3874C,1639,1734,1690,1723,1716,1716
E680020B-7D57-15DA-3C2A-89A6BE125116,2132,2068,2010,1971,1904,1936
0D3681A7-6B7A-7661-E0C3-185118260B0F,1808,1957,2045,2075,2107,2160
DC3BD6F9-3B1C-8B6B-0F2B-2D4C2D728167,1644,1723,1710,1799,1872,1859
DBACAEA1-3686-7856-A350-CC3B0AC0CD0F,1605,1548,1524,1446,1520,1522
C0186916-6647-9C8A-9039-F706D9C5F9F7,2044,2025,2098,2179,2084,2140
81A07EA9-1B9D-F943-D230-5152C48F8312,1747,1757,1725,1669,1560,1581
7EC62065-7A57-C1C4-7CAE-38BF5A298C85,2022,2112,2103,2196,2178,2196
7DC62944-EBDA-B024-E2F7-1897F5F618B5,2029,2021,2100,2066,1973,1915
9325A4E6-D7DC-3111-8B15-2E3EF0739514,1586,1571,1507,1475,1425,1407
B03F7A2E-B1D2-0AA3-EAAD-7953B40247E9,1566,1468,1403,1489,1451,1372
357E085A-0659-5E1E-61D2-3B5FFB35A06C,1651,1650,1693,1735,1670,1653
79B1BFFA-501D-6653-3410-8F17B8766EF5,1992,1958,1931,1961,1910,1849
F6E800A0-BA7B-04A5-817C-232189E7DB1F,1655,1649,1578,1639,1691,1770
2D83D081-C715-81BF-42E0-B833B048CA0B,2169,2129,2127,2073,1975,1972
54642FD3-E59D-1CD4-C3AE-6253E9C08F32,1631,1637,1695,1648,1679,1643
68DA198C-3810-696B-E3FC-C176A1667670,1958,2092,2150,2194,2156,2215
FF527E6F-EBDF-A82D-E31A-02D45ACA363E,1585,1492,1600,1606,1524,1538
7E26C121-205D-5F51-8A63-E25258A5E52F,1935,2046,2003,2006,1896,1865
E34084DC-4E61-6B69-2E15-7E8DC232E639,1790,1798,1826,1827,1797,1760
5B63D83A-82C5-8D80-3141-5AB6EDC8A360,1792,1789,1749,1662,1687,1637
5345058E-9F58-6835-08FE-A3B477901EBB,2035,1943,2015,2069,2108,2194
1F4D9C1B-CA5F-BEDE-4BB3-CA3C55389DFC,1595,1512,1542,1632,1560,1560
435E750B-7615-3FE6-421F-DDF31AEA3CE0,1602,1648,1573,1602,1627,1676
F832C7D9-1DF3-DB40-F2E6-367000D14744,1889,1818,1859,1775,1681,1645
048A94A2-5133-966D-6CF9-D27E81D31BB4,1617,1669,1690,1675,1620,1531
E530F537-9F38-7E49-83B6-2C5C8D8143B7,2199,2222,2224,2213,2146,2080
A48D1B4A-E57B-1334-8717-DF46AD93A732,2023,2079,2126,2065,2125,2156
88F30E82-ADB2-B2CF-34F4-77A18DE58496,1897,1981,1925,1999,1963,1926
D49B6F83-4045-BBA4-0CD9-C7BAD79C67CD,1735,1760,1699,1795,1773,1814
6B47D132-B8F5-A6B0-DFF3-8FB1502AF5FA,1661,1702,1768,1809,1793,1811
14637120-645B-197F-60CD-ABD68ADD4C94,1881,1954,2071,2035,2088,2001
CD265D4C-7A95-0D5E-3D14-1A0ACA882678,1808,1961,2070,2049,1995,1932
D1235154-A09A-ED51-FC91-506DC97939DC,1962,1872,1952,1890,1788,1867
90F6D864-9407-E183-365F-B685857C8E5B,2046,2186,2126,2194,2230,2200
32C87E49-CFEB-139C-4E4C-C1EE4B72227C,2159,2076,2054,2077,2093,1996
AF351EBC-8932-4889-AA5D-B905A0B75C63,1706,1781,1774,1864,1922,1941
734B9A94-FA46-C193-6A3E-750BC36AB19D,2201,2151,2225,2155,2194,2190
3DC38479-E492-84E6-09DB-7A2DE113EE22,1610,1623,1730,1713,1799,1882
D6BF88EF-6ED1-5470-D3F2-3B0D3C72CB17,1601,1580,1624,1557,1550,1580
3683A7A2-FE01-2679-A336-86E5D97E59DA,1996,2085,2037,2038,2005,1987
ACC982BD-675E-9CC4-9713-A9B17F04685E,1578,1507,1528,1594,1540,1578
E80B517A-61A9-0256-2E50-2CCA12CEAFF7,1977,1940,1889,1845,1876,1960
2E7844C8-95CC-D55B-B3F1-F8E091DE9801,1566,1660,1598,1682,1590,1535
518B6790-30A9-EDCD-446B-AFDC52BDDA15,1696,1667,1661,1688,1631,1600
8DB046B8-A412-537F-882D-D2A0374CA5B5,1929,1942,2023,1989,2006,2076
993EEDDE-0968-C291-DF6E-DC09EF033D93,1914,1841,1826,1768,1774,1722
25A304F2-AFFE-74B2-582D-2401949FB0F3,1765,1909,1899,1933,1922,1874
52F817C9-11AD-D441-C45E-A35E2B6E87B9,2059,2101,2071,2020,1937,1873
6E075A0D-23E9-5C3E-723D-A7FDD1313828,1963,1906,2018,2000,2084,2034
6AA16A4D-A0F1-B9C1-DD11-0FF6AB6D496E,2024,1965,1922,1869,1851,1859
1D08E9BD-FDE2-B92A-9083-A777D62D5E70,1771,1902,1963,2041,2072,2014
3CC8EC89-C57F-1F1D-FD5D-FF0FF5E0487F,1633,1648,1660,1749,1653,1629
C6249706-9F28-0B67-232B-43D914A3F1E4,2192,2205,2147,2139,2031,2116
B58B6A34-7356-3EEC-604C-E0C00270AC71,2163,2225,2346,2290,2373,2370
3E68121D-9DDD-B557-0875-93FF5DF77879,1688,1818,1861,1777,1691,1776
3475C388-97F3-A467-521C-1634E3B96CEA,1996,1976,1914,1838,1803,1771
20CA6DC4-CB56-94EF-EC89-E571D2B1C96A,1634,1713,1739,1741,1655,1569
723251DD-925B-F1AB-FC11-7E8D6C95A7A5,1608,1624,1597,1611,1544,1479
F793CB8E-B175-E627-1733-9612D70DF93B,1739,1652,1670,1762,1717,1724
BB185547-AB1C-97DC-1F57-50A1FBB8C3F7,2084,2227,2287,2384,2341,2352
D20A1459-31E7-CE73-D1F7-34C51E279E3F,2011,2154,2258,2280,2298,2220
7FF37961-1C22-B920-BC87-8653496189E4,1877,1937,2037,2121,2129,2047
67D8C18F-B234-2766-CD13-E9B9C5B7B3BD,2139,2109,2196,2183,2154,2142
8499646C-0486-CEA7-2D8F-DC35467D92C7,2122,2160,2099,2039,1934,1993
5DE9B757-580B-ECDF-FE67-915D7997A19B,1893,2040,2158,2234,2216,2307
D2235A3B-48BF-2732-17FC-BEAC14EEB986,1602,1750,1798,1786,1835,1892
CAA52D8E-4923-1940-615E-771AB2EB2E97,2062,2086,2088,2082,2116,2121
08E1ED15-DBDB-E4DD-D5F8-6BD0FED87057,1705,1712,1653,1576,1611,1541
B9CEA9F4-AAA1-B897-C341-376700D2631B,1813,1715,1758,1763,1818,1779
BC60BFEF-42A7-CB0D-847D-17B593E72216,2195,2314,2433,2493,2526,2502
2A750812-3BEF-91CA-6394-02D15DDCA298,2010,2139,2079,2128,2030,2083
2A1056CB-4DE7-EFC8-CD7D-FEDAC068052B,2108,2171,2183,2266,2349,2441
D3AB94D8-E14E-F31A-A474-4607A0268172,1761,1716,1698,1731,1712,1774
D96BF93E-0D0B-3DE8-C513-08F206C405FE,2120,2259,2337,2354,2342,2371
E70236A6-42B6-F592-5302-9D08ED141D7F,1747,1788,1861,1847,1900,1941
8AB1A2D4-D702-A7E1-C8F3-EC3EBB84AEFF,2126,2215,2326,2290,2315,2297
09F2A79A-CBB6-E93C-345F-F1FB45F9FF15,2101,2083,2164,2210,2292,2283
4782065E-FB12-F50B-41A8-A82D57763438,2045,2121,2192,2170,2201,2143
D9B8BE25-D96F-9230-7FC5-BA5A1CBEC8A5,1768,1849,1875,1867,1933,1996
6EFE9CC2-37DE-35A7-6D69-ABF6DFBE0877,2058,2093,2189,2196,2166,2188
7F4BC7E7-BBDB-6CD2-C2AD-6F7407903AED,1801,1778,1889,1903,1991,1966
353BC9EC-7AF9-241E-FC83-14664BD9A1FF,1924,1899,2005,1943,1931,1854
236EF14E-5FFD-55D7-5832-A16D6E2E53B1,1597,1643,1724,1721,1613,1669
441D0A87-A7B7-0C22-3FA0-1A16106D54D1,1668,1594,1677,1729,1763,1850
750EC161-00A3-B0E8-2104-5E3E5E0F8D0A,2176,2201,2225,2258,2309,2312
F9F1389B-3815-3AB5-F879-0FBBAF97687E,1803,1910,1894,1877,1798,1818
EE61A11C-1BE3-7EF3-85A0-18615BB98345,2126,2184,2133,2098,2039,2034
2864DBD3-76EC-7C3D-85A8-2E57541FCF90,1691,1614,1647,1741,1681,1751
17817667-237A-C384-00A8-C3295019874D,2085,2216,2251,2257,2276,2291
34A08A39-D6C0-C829-22B5-E35D8C59267F,1613,1755,1785,1819,1795,1761
AF744CB7-EE9F-1EC3-7B91-7CF48270E3AF,2038,2128,2118,2161,2219,2206
0FA95B32-84F5-EBD7-4D98-633103DBE033,1612,1518,1569,1484,1421,1425
66DA0F32-DC1E-9FDD-ABF5-D9B2A088DA1E,2197,2342,2438,2472,2362,2346
AC5967BA-CD1F-D0AC-132C-E8825670C61E,1963,2015,1951,2046,2083,1993
B1B5514D-D3A2-89FE-5C49-B273D85A9F9B,1883,1834,1927,2018,2056,2070
5E865CF7-2CC4-DBA1-0C78-476BF78431DE,2175,2107,2214,2162,2134,2072
28052A04-ED92-1424-1EC7-48F70227DD18,2164,2191,2259,2320,2289,2349
ED2C1CB3-1BD2-DEA9-36AE-51601A57A676,2059,2037,2109,2151,2071,2010
F7261B43-78F4-1272-55C2-906CD8287ABF,2019,1987,2095,2028,1967,2000
17B16FE0-8A84-26BA-8844-F53EBCDBAF10,2052,2054,2009,2056,1960,1969
08300C51-5F29-F5C6-C0C0-86E64572BBB9,1781,1777,1828,1907,1892,1922
DC9CC716-E98D-5B5F-35A0-0D29B0A82954,1797,1780,1814,1740,1733,1791
B9C75404-8579-A4B4-DA04-BD23B59AF08F,1649,1711,1816,1844,1897,1908
F64F0D11-3DC0-2711-0017-69ECC2ED614E,1863,1936,1905,1925,1981,2001
5E16D12F-C4C5-5F3C-4472-74BB88B84616,2074,2144,2078,2081,1995,1904
C09A8746-448A-F9CB-AA5A-E20FE874A4E4,1870,1853,1869,1783,1802,1759
17E91428-5FD8-24C9-55E5-1ECD850476EB,1895,1868,1801,1786,1848,1849
104BC838-0AED-A98E-C57B-F8E988DB34D7,1771,1793,1725,1759,1797,1763
3416998C-892A-F258-6E71-7FB9682C6585,1940,2071,2106,2142,2122,2111
73FAAFEC-8CE7-3ECE-7A28-1846C01EB961,1900,2027,2101,2047,2029,1973
B6BF121A-8908-A4D8-4927-4E8E789FE4CF,1701,1789,1858,1895,1844,1901
DBB97E5B-FF57-DCF9-B9D7-557FD256A051,1695,1839,1798,1861,1780,1766
8603BD36-6D81-5A18-C746-D12A31BF3554,1670,1753,1857,1797,1743,1811
C377F535-4AE6-7195-63EB-510E8E120AC8,1683,1607,1683,1714,1750,1813
6638D26C-DD82-D0DF-E304-B83C00ACFD02,1854,1930,1973,1909,1939,1883
B23087B9-FA73-A6A8-630F-EDFCD646307B,1943,2093,2209,2223,2155,2202
DDC3F9EE-B0FD-86FC-7B48-58A40BCBBF72,1961,2008,1985,1955,1941,1974
2E359E24-7410-7F52-9766-64C131055E87,1799,1917,1904,1873,1805,1731
111DD7C4-5014-2A6D-8611-51E30A861CC9,1631,1770,1720,1757,1697,1747
2D34E5EB-BF94-07F4-8A35-935F6B5AF7DB,1585,1523,1458,1388,1477,1436
B9ACA40F-939A-60E6-EB55-BB912FF15D23,2119,2141,2151,2077,2116,2136
84C6B3E0-623D-9D28-6828-62E345A51D2A,2071,2135,2229,2209,2107,2167
846DD407-F15B-EF5F-D692-161225220E95,1699,1779,1796,1818,1736,1716
F69F7543-F305-7F6E-976C-A88B3B98E271,2102,2027,2018,1994,2000,1913
67A4D59A-270F-E973-B172-74FC13AABBB2,2197,2266,2241,2161,2165,2067
21B93216-FF80-B366-6F1F-0F3950CA380E,1962,2101,2090,2038,1980,1999
D904D683-56DF-C6A2-3624-ABE7B9B500B2,1911,1974,1970,2041,2126,2167
E80B1CF9-A588-90D9-1DED-53FFF214ED64,1952,2076,2015,2098,2023,1986
400B9FBF-A0DA-09E1-1C52-B09F9A75851A,2037,2118,2190,2167,2144,2139
B6A53601-E9F6-DD05-ADCA-76E0EFA07312,1927,1937,1964,2014,1975,2035
8A837D19-B4D3-8DF5-CFDB-E7E434639FFA,2183,2286,2221,2239,2213,2239
9445FCCC-5136-DEE6-4B28-6F146F6C42B5,2005,2137,2157,2211,2263,2172
6B6238B3-A072-8779-64BA-AC3B489DACBC,2124,2214,2182,2135,2071,2166
E8C03034-9279-8667-8613-786E0D5F1242,1728,1700,1709,1722,1681,1725
867B2317-3D7C-E3B5-97B6-1080383B5682,1883,1864,1852,1912,1942,1945
95C6A0BC-6AC6-81BB-2C14-2DB5F3B738EA,1648,1622,1545,1642,1667,1684
9DBA2DF2-1C9E-D976-1FCE-AA2B6DFF600F,2049,2123,2138,2145,2141,2044
37F4123D-993B-F658-99CC-5A0C0E76EB8E,1719,1823,1765,1730,1649,1589
BEDE134F-9937-47AA-E07D-1186D0E2AE4C,1848,1863,1809,1751,1745,1741
3D252D63-EA35-8535-FB9A-B9AB50FB36C5,1971,2011,1993,1979,2001,1985
72E79264-EAF1-DB73-B142-C04557529B4D,1745,1899,1956,2032,1975,2043
EB7A80B9-EB3B-4C5C-E4CE-C8A2FF58DC73,2163,2083,2131,2172,2157,2110
0AB3B60D-8A28-EDD9-6B08-09339CB4D7F5,1679,1629,1562,1515,1417,1442
7A989282-6DD5-B9F3-ED2B-3C5C1B5E7AED,1631,1702,1639,1566,1628,1613
5677306D-1468-9766-C06B-0DF785D36222,1589,1663,1744,1797,1700,1675
FEFC0268-63AF-3F38-A4C2-DB00C937A3B0,2137,2106,2060,2114,2039,2088
6010C252-0E88-9E55-11DD-DA15023B5568,2087,2172,2281,2261,2284,2188
1D77BA14-DABF-4427-2672-121BDCA0C7A3,2177,2087,2163,2216,2203,2202
2268B731-6A2A-A20D-F339-24ADD2599C62,1797,1876,1934,1966,1935,1934
4B333036-F43D-26C1-E184-F4065F681EF3,1830,1851,1784,1874,1777,1719
B2536C8F-949D-3D1D-7440-ACB25F38C88C,1605,1625,1600,1515,1482,1484
C4BEB826-9DA7-9324-DB35-21F93C9BF271,2126,2102,2024,2109,2076,2164
DFACED3C-0D74-C4F2-7211-AD79A73396B2,2042,2086,2031,2105,2092,2102
6513E51A-9729-1BF2-A933-9ED8ED42EC8D,1571,1603,1633,1647,1621,1673
FFA39871-134F-D4F8-439D-8BF635B7E5F2,1856,1940,1895,1954,1955,1916
1B97FAA5-EF17-ACB6-BE4E-951138CF57D7,2175,2250,2192,2258,2192,2197
5367DE76-DDA0-F0E4-F790-96FE2C56273F,2182,2127,2085,2052,1975,2049
EE766EAC-8E5F-3A44-52E2-C0170AAA711B,1865,1962,1977,2012,1903,1942
58B70753-1A6A-4053-165A-875C5FD18B89,1697,1686,1708,1770,1710,1620
3CE97A41-BE0E-F73F-3AD0-68664E3932FF,1647,1799,1801,1746,1634,1729
43F70DF0-FF53-B3FE-6F29-56A079B57666,1649,1720,1752,1720,1666,1589
5346BCB8-B263-4D4B-5AEC-B711E798413E,1845,1844,1852,1862,1841,1815
EDD988CB-2D77-CB2C-E310-05E43A1CFB4E,2132,2110,2168,2088,1983,1952
58E5EA34-23FF-ED91-284E-943BAE00D96B,2049,2105,2032,1970,1872,1955
A0BBA41E-EFD3-AE2B-65B2-07FBC0D96B6B,2086,2121,2081,2094,2128,2133
2E3790BE-D425-7594-ABE9-4A0A8154EF46,1602,1574,1535,1544,1551,1605
6C392B04-FC47-68F4-8720-34C6DDFD39F6,1717,1711,1690,1738,1662,1670
F7A1E731-8536-6790-ED45-C3F46AB4DAA4,1961,1955,1878,1867,1897,1891
F7A8A097-D77A-BF36-CECC-75998500BD25,1741,1805,1727,1658,1717,1676
CFF9AF53-74B7-8FCA-6753-7872CC3D3CE3,1606,1581,1637,1558,1513,1511
36766A35-4C1C-5982-FBB5-BCF1443E91A7,1884,1971,2091,2090,2160,2160
73AD2823-C0A7-629C-42AD-D976A82003ED,1664,1684,1743,1754,1743,1771
E3950856-0E56-E952-E237-55EDC965A6B1,2175,2080,2149,2217,2167,2120
A3F70EAF-55EB-6920-80BF-8E32EA37B0D4,2105,2123,2049,2129,2168,2246
43786094-A46F-5804-1C21-2A4280B7389F,2038,2150,2111,2102,2023,2031
87AFAF23-1215-74BB-0BA6-B712CFF847F1,2070,2200,2228,2219,2184,2214
5E52170B-05E0-2334-13FF-47973B77401E,1679,1824,1902,1941,1873,1885
6D9207B7-A6CF-0BFB-BEC5-12F2543D909B,1862,1963,1956,2020,2018,2054
AE84F76A-1268-AEEF-20A8-AF8DEADE1BEB,2097,2029,2034,1988,1879,1858
0A0AF7F3-89A9-5580-F456-0AEEB8EA8A71,1694,1779,1713,1790,1815,1755
21856EB4-0AE5-94A8-6A9B-57E3681A7B20,1754,1859,1883,1858,1890,1816
98E884FD-CF17-AFE2-F488-70650E9A3E28,1750,1704,1632,1561,1457,1424
439D1508-95F0-CBFE-30A6-3261518ACE13,2171,2142,2241,2169,2141,2138
317F2876-3BE4-27C8-CADD-16F4DFC64FF9,1626,1595,1714,1699,1753,1827
8147477E-928C-F8AB-B5E4-1E96ED45C3C0,1769,1752,1801,1802,1739,1807
1A1B338E-1C5E-17B4-86E3-6A9CD8C3F98D,2114,2094,2112,2174,2155,2232
931CCF69-0B67-2F2C-AF1C-C98F295199CC,1885,1975,1916,1842,1736,1792
FDD440A5-8CFD-6F27-C57A-B04791CC518C,1904,2044,1992,2024,2002,1929
6B849F10-057B-2009-69F6-B9F9A38A450C,1855,1874,1914,1876,1948,1873
9618B343-D457-6921-903B-C55E5BF106AB,2147,2129,2124,2174,2091,2127
579F995C-A506-CFB6-24A6-197CBE2EB8A7,2197,2168,2158,2123,2145,2221
9F874B91-3A98-DC29-28C6-F1382062F455,1650,1686,1772,1812,1798,1852
77256AD0-3C30-CF85-20F4-3626D25DD1C2,2107,2023,2121,2063,2040,1968
CFECC5F8-6ED7-C861-35F0-B17A59CC36E2,1610,1571,1543,1562,1529,1563
392874E3-46DB-5220-E9CC-39346173ADC0,1617,1700,1661,1623,1552,1640
F97B8DCA-06EF-5A49-0124-58C20DB3A559,1970,2105,2193,2277,2229,2132
2DF6C563-1F68-747B-06B0-2AA16238710A,1690,1731,1755,1715,1735,1702
95937F01-FACE-433A-0279-DD2AE1EBD6C6,1836,1871,1930,2008,2095,2043
388E21F8-5870-AA3F-F4C0-0B3B9A29C472,1600,1519,1450,1526,1559,1595
97AFB6A4-2852-0ABC-E243-528A3DF41923,2157,2116,2096,2073,2107,2026
FC591FE9-1FBF-6B10-B135-992C06D88F1D,2178,2156,2080,2155,2136,2069
A75074F3-F11E-D641-5720-42747AEDFFC8,1834,1935,1900,1908,1859,1880
4E2B4E9C-DF13-0444-6D78-352D565CB302,1898,1928,1871,1843,1767,1771
B5F70EDA-E014-16EE-DFD2-6262275E6F77,1926,2001,2063,2056,2003,1933
71B27149-7765-D0DB-2938-58E57240D1F8,1676,1578,1634,1642,1689,1678
5489EFDD-F853-9765-4862-0E8B575D4DEB,2135,2218,2240,2235,2256,2340
06D2C7B0-F3C3-0FD0-EB30-211819006151,1726,1826,1898,1841,1788,1851
31B6AA55-DBD9-85D4-3253-6E4F041B3B02,2186,2175,2256,2269,2186,2182
BCA467E7-6900-1F1F-256C-98A88742920D,1688,1748,1841,1858,1763,1720
C9281ABA-5C45-50B6-77F3-3D3C83C0F971,1977,2007,2016,2108,2142,2214
2A07A796-E7C1-0809-7E52-B3A02E64D38F,2127,2117,2157,2203,2269,2342
81A6973D-4444-7EF6-3B0B-E21500A06D09,2069,2125,2230,2250,2217,2249
8E0696D1-EEAD-077E-BBB8-43B084A7F6F3,2076,2050,2159,2236,2224,2288
46783212-3C9F-167A-BF6A-C35B157B548C,1603,1535,1621,1707,1766,1678
B4798793-AAC4-13B0-E9C0-A1E5D66B38E5,1569,1525,1633,1578,1503,1463
0E970C8F-9C10-A640-DA27-A74668482517,2133,2223,2160,2159,2124,2026
CDA4A8FE-8C27-4E34-0B56-53813750B813,1996,1959,1913,1931,1829,1901
C293B5B4-B53E-A381-BE8A-63315E59AD11,1774,1734,1696,1643,1573,1500
B1C4AEF1-45D1-D841-AE7E-922F77EF1E2A,1877,1905,2019,2066,2082,2068
88399D98-D289-7B9D-49F2-2CD6DC2264B4,1656,1626,1710,1701,1622,1647
CBC08DEB-3711-9CDA-A2CF-5A132CD4815E,1809,1833,1906,1828,1881,1902
A94B969E-8387-86BA-A033-85F619F89222,1898,1964,2023,2088,2046,1956
C0764292-7DBC-5B13-CCC7-7257CE16C490,1758,1782,1775,1815,1776,1705
10EE664F-2C69-E94D-F23B-F9327F44A70C,2054,2106,2170,2194,2176,2113
DA58ACB5-8869-88A4-A4DF-CF43DE7DFBF6,1888,1808,1808,1888,1810,1861
B997685A-EB90-6D10-A8FA-B5459B5F7DE3,1858,1970,1935,1975,2014,1991
4B5476CF-F040-8B7F-5D80-AF00207D9C58,2100,2223,2312,2394,2349,2359
5B953DC8-E61B-6C05-E6DD-81D9241A5CA4,1669,1751,1732,1723,1742,1711
79321229-AA12-472C-EF41-EC89E4B17AE1,2172,2266,2245,2265,2165,2161
3A889111-E035-128F-625D-8F9F0476E328,1824,1895,1948,2032,2094,2177
C2EABD65-3ECD-1107-6716-3686646BE37C,1623,1526,1495,1475,1468,1401
1662E509-B25F-7FD0-0468-437D82794B0B,1916,2011,1945,1898,1891,1952
7FA6A116-B393-CCBB-C655-21ED26124BBD,2131,2103,2201,2277,2266,2291
02C178EB-B110-A5C1-75A6-52E56E3B9F25,1587,1534,1474,1446,1496,1447
6259F6B9-19ED-3885-90B6-72BF7C8E6864,2029,2073,2021,1938,1867,1937
3DBA376E-7854-3CB8-DDEE-55A8637CD088,1689,1656,1720,1646,1628,1532
EF37435D-68EF-4F1C-C8B3-6F4309F9AB67,1763,1893,1864,1852,1745,1668
0D70BA25-C155-A85A-8962-57E51CD2CF1D,2004,2110,2082,2084,2028,1989
4A6CA0D6-404C-1B58-96F3-A4755DE17093,1996,2040,2107,2054,1983,1965
32095A43-F3E9-4E2B-EEFB-F4DFD16B0BC7,1624,1613,1683,1697,1695,1776
59E2183D-8EA1-67E7-2D9F-2CAE9F125EB5,1970,1885,1921,1864,1882,1831
97D05197-0A94-9826-B492-19DCADE10A17,2134,2044,2091,2034,2058,2138
FDEF0903-C473-5BA1-A4CC-4BA944C1C35B,1919,1875,1837,1814,1801,1730
ABAAED5A-1BA7-B02E-C4A6-BE524B26E791,1609,1532,1647,1735,1642,1623
073CA580-45C2-5163-915F-0D64DB2BEF1F,1771,1890,1919,1856,1768,1742
0228CE71-6E56-EB33-5A68-A50A4AC7FE85,1796,1872,1964,1888,1780,1872
8A4B7A02-2C12-1075-F411-8799E356D887,2134,2164,2286,2383,2378,2395
E7CB3B19-6EF0-DD4F-10CF-9805EEF20A74,2004,2083,2059,1974,1950,1950
43520792-2350-F8D9-D277-67B4BB988B71,1683,1773,1776,1732,1681,1596
EF58813E-19AB-2A4E-81BC-873CD4AD73FF,1633,1755,1721,1666,1707,1748
E76A6CE7-3C01-BD1C-5835-998D94C92B11,2051,2038,2024,2054,1974,1910
A951674C-8F93-5857-DA7B-808BAF81AA76,1741,1678,1624,1652,1631,1572
82452089-F595-E176-C2C8-0D537FA88C7C,1831,1867,1964,1900,1944,2025
5DDEADA9-7D96-34B1-FB18-9D691A6EB0E8,1605,1672,1726,1702,1628,1623
59D6B942-83D5-6E56-967F-F56085F7AFCC,1812,1780,1715,1764,1667,1764
E8CCA0EC-C9C9-BCC9-3E5C-C13680A944C9,1677,1748,1745,1747,1746,1664
43B6C924-6AB9-12AE-AF98-3EECD1169DC5,1740,1794,1833,1902,1932,1963
B56AB9A0-9F55-F809-E86F-594303E34427,2055,2168,2172,2087,2100,2022
E225C52E-FC29-5899-AE9E-8AD6EB9F701A,2047,2185,2109,2073,2028,1968
4E65505D-6D9C-C11D-7270-3DD6881E3973,2123,2067,2140,2175,2132,2065
E0F00000-0B74-8D25-0372-85F6FD778A35,2080,2020,2133,2091,2140,2162
03EF5CF9-C39E-27B0-7975-59DAC01232D2,2113,2222,2291,2266,2271,2227
04A3B40F-4A7D-9263-76A4-32B332284899,1803,1892,1816,1913,1915,1945
D0D248F9-1CA6-D5C4-FFD3-DCF84F174B04,1586,1715,1684,1660,1637,1539
B0D01AFC-3CE4-0115-84FB-7FCB1C00ACCA,2088,2181,2202,2143,2148,2190
E539D15E-B7B2-BE31-EF9B-723DFC3C89DD,2088,2073,2069,2095,1991,1989
74439848-7DBE-C57F-2D64-6A902D89CBD1,2152,2077,2175,2168,2099,2147
1451F7F3-6F40-4BEC-65A8-43A7F2CB0245,1950,2065,2093,2103,2082,2042
2C7EF47B-3C89-C144-F598-E50144380546,2197,2106,2196,2264,2255,2351
D00D03E9-3B59-5416-3CB1-791D0FE053D1,1744,1671,1611,1671,1734,1692
6BD3A283-5679-F25A-E632-CA7F43FB48EA,1918,1906,1899,1929,1869,1915
64A794A3-940D-2F0D-9831-5FB84C0FF5E6,2178,2188,2215,2308,2317,2241
FFE31E7C-4960-2D71-130A-5810BA60F0DD,2047,2008,1958,1955,1998,2067
C3C0C2B6-4EC1-96EC-CF29-7C742816F273,1791,1917,1997,1973,1948,2044
C07551B4-6DA5-A05B-F10C-DF6AA261F655,1856,1859,1939,2034,2036,1968
651C511A-CCED-3C35-0EFF-7B8E2DA1F630,2162,2167,2116,2041,2103,2140
30DC10AA-6D2B-0F52-3EE1-C63423B886EC,1844,1896,1958,1909,1966,2003
9164EF1F-6744-6B9B-5F02-343882F1DC79,2160,2313,2330,2368,2349,2437
F859A21E-CD1A-1635-A21F-553B70B04080,1675,1720,1780,1829,1791,1778
D1848960-EC52-A21D-5556-D66F88CF1CB3,2105,2240,2185,2259,2207,2186
C8405983-98D5-A507-4ED7-6591AFD499A0,2115,2023,1981,2011,2021,2008
3B68AC0A-CE0E-86F4-CE53-CF0991B8BF3C,1964,1974,2017,2102,2057,2034
F0C13F95-CCAB-754C-1BB8-9BC3F6A93C87,1694,1685,1768,1815,1714,1616
EB48F3F8-35F8-74FA-4FA0-FC569F8FBFF9,1572,1523,1532,1462,1413,1433
A79FCD01-06FC-541F-4916-9BA750B85AAC,1937,2062,2182,2240,2265,2266
26C58F28-ABA9-878E-707C-73E6352C0463,1603,1570,1542,1461,1513,1449
DE40B3AA-46E2-D30F-FD96-716DD7BB3EDF,1828,1864,1971,1914,1957,2033
6D73D099-4606-011E-A91A-5849394C4B33,1736,1699,1779,1765,1839,1821
76C9B65D-17A0-401B-0F52-56FAE271A3F7,2047,2106,2217,2298,2329,2424
18AECFDF-836D-DBDE-4AFB-13E5E72EBB95,1856,2002,2009,1985,2040,2082
B248955B-785E-AB64-1C9D-FEAC39E4960D,2001,1916,1853,1819,1728,1653
22C21ADA-E18F-674F-1C97-BC33CFD3F9EB,2032,2173,2138,2053,2086,2008
D41705EA-17F7-3F70-3BD9-A70E6351E44D,1877,2016,2079,2085,2020,2049
3BC47827-21D4-FF9A-22E3-66F5EA7AE829,1616,1736,1773,1805,1747,1790
30F1BB58-1CDE-470B-A5F3-6D31FAD5694F,1881,1988,2024,2022,2077,2132
78B8B7AA-D375-2DEF-8B67-D948BA4777B4,2054,2019,1993,1928,1871,1932
327882B6-A963-EA1B-B37C-9D981D15B00C,1978,2000,1934,1929,1985,2082
A7CA946F-40B0-DB5D-69FB-2E9A7C4332D9,1587,1585,1623,1608,1512,1445
420D6992-9CE1-F10F-507A-25EBDFC1BB52,2185,2321,2358,2355,2426,2353
AABDA5DB-38B6-B1E0-156B-E3E369FA63D6,1812,1943,1923,1963,1964,1927
1048FA28-BA8C-BCA7-AF5C-C3FED98DF5D9,2102,2215,2221,2217,2138,2071
26E462BC-6448-518E-5E80-19B406E4FF6C,2130,2213,2281,2227,2247,2323
48798284-5EFB-1638-7FB4-20BEC09690DC,1740,1756,1698,1764,1701,1757
60352F9C-DF16-A22D-A546-DDEF8A8EB905,1918,1825,1836,1754,1822,1774
71E37017-45A0-8AC6-41A2-B01A0E9DD74B,1907,1882,1946,2024,2077,2034
335383A8-B458-438D-F084-E4484A0DE66B,1659,1781,1744,1799,1778,1743
8AB8B74F-8FC1-A97C-7B0A-F109BE853B83,1700,1667,1681,1756,1817,1824
D8A3182A-9936-F17A-A3B4-42D43ECD190B,2001,2155,2192,2268,2208,2285
CAFD4E72-46B3-BC67-9813-833613A0259F,1641,1602,1551,1564,1586,1629
68BB2A9D-D3F4-9A21-3FFD-8E4F93F792CE,1798,1727,1703,1800,1737,1761
F7CEB676-F35D-687C-1C73-79EC7117C856,1693,1619,1583,1587,1497,1589
00CFCDFE-AB03-E835-C501-0FE34AFCFC7C,1905,2019,2087,2025,1960,1947
C1C494E2-9D4A-104F-7F8F-5E5C4A878266,2142,2082,2064,2135,2208,2126
E3E74C4C-FB51-1C32-C66D-C485EA9D03B0,1785,1724,1814,1860,1886,1980
D3605D3C-93CD-DAFF-9981-755114419293,2112,2199,2201,2223,2230,2296
0BF19927-B197-428E-23AD-644C43BFC661,2198,2245,2250,2169,2193,2205
76C209C5-CC03-DF3B-EB6E-16DF564C2434,1639,1710,1650,1698,1765,1707
4C17D0A7-D66E-1EBA-7F35-D6403E0C31F8,1974,2111,2138,2134,2184,2158
1417E73D-5EB5-2873-49D7-38BABC1EFA51,2117,2143,2158,2196,2195,2235
6BD9CC30-A96F-852F-1B2D-3393C1B1BBF0,1982,2056,2101,2080,2037,1952
3C7F6A68-C961-1A83-83C5-B62B467A3F52,1640,1757,1755,1853,1935,1943
80CFC134-EBA6-5905-A18A-D3459C371A11,1981,2013,1983,2012,1964,2047
7F4D1DFC-05EC-1E77-8DFA-62D780573F37,2114,2089,2048,2084,2019,1961
4325F3E1-F615-F3BB-95D0-C58E8F53E033,1663,1713,1724,1673,1597,1633
E9F198EF-54C7-813E-7D8D-8FD9CAF4126D,1647,1557,1525,1494,1443,1507
27287919-8D23-6832-BF0D-ACAC58E72995,2036,2190,2174,2216,2258,2209
CCF18990-B595-035C-398F-5CD6B2537F26,1922,2054,2143,2218,2265,2344
AC750755-8E1E-D410-C0CB-FEE0D901B3BF,2200,2119,2080,2097,2049,1976
32A6CEED-8284-C6F2-3FB0-F90A5E3A9747,1629,1763,1692,1644,1563,1541
91A8D7B0-9835-CCF5-5A06-73BB44B610FD,2045,2034,2088,2029,1972,1970
5EC0A083-72F1-0FB9-23F5-DA8307BDD8EA,1907,1813,1813,1880,1909,1951
71A097E6-AE97-E94E-5967-AD015FF5D860,1737,1681,1709,1673,1589,1516
AFB8CB0C-7216-A6BE-97F7-EBFE7DCFD766,1878,2011,2108,2026,2102,2122
BDA06C4B-858F-6EA1-4649-11CED72EF954,2083,2018,1982,1918,1982,1981
55B3F70B-36C6-A9F9-C247-C420CAFBB2EF,1933,1879,1995,1970,1945,1937
0DFA0136-B8D5-51A1-0655-50C0A1A098C9,1673,1690,1631,1576,1607,1615
848303CE-6185-1E12-82DE-22F9D185E4C4,2171,2140,2238,2336,2322,2395
6106AA9D-8D67-EE71-67B5-1442687B1DE5,2086,2165,2210,2265,2176,2240
10BB7030-1673-BEF1-EDC5-35100E9625EB,2060,2181,2301,2225,2118,2045
168B98BD-1DA2-31CE-7023-225413D35449,1670,1807,1875,1813,1824,1742
CA1CD445-90E7-49E3-C94F-756660CD767F,1767,1860,1931,1884,1869,1878
43DE16D4-E276-561C-A162-675D543CC9EA,1669,1772,1813,1901,1945,1862
5FB96C6F-0EA3-D278-399B-7A32DDC38B8E,1650,1650,1614,1678,1619,1573
635DDE88-78D8-D987-0BD9-49E54B83CE73,2150,2195,2304,2375,2400,2343
2C97AF53-A905-A166-F737-823CC0572989,1920,1926,1979,1899,1983,1928
601B7841-46E5-ECA9-086A-1B44357BBA3E,1786,1692,1790,1830,1855,1777
F5C2FB21-42A3-A308-7B0E-3B176485313A,2033,2032,1979,1963,1896,1941
94C0AD27-4054-4B7E-CAB5-87A5302A62D6,1942,1974,1958,1875,1892,1882
65014CB8-9827-8954-6E0B-F2B0479A6559,1940,2094,2128,2052,2114,2185
831108A4-7E15-3C83-AD5C-8DEE0DC5E30D,1959,1954,1919,1961,1918,1840
E5A409FA-C367-7B5B-670F-38E6290C2EA7,1667,1696,1771,1690,1765,1712
CF986925-A95A-5445-220E-C6632DFE1CA6,2133,2122,2137,2224,2210,2139
7B29DB22-1805-7AA6-962B-E01F3414E49B,1892,1962,2070,2117,2071,2032
6B5DA329-5E50-95D9-8F50-951D79E79983,2045,1971,1973,2028,2094,2016
33A79494-3120-8D10-6833-4E143758609E,1768,1875,1905,1886,1973,2020
CBAF3111-A753-9AE6-1E5F-53A85E91B271,1741,1682,1650,1633,1633,1727
FA2E2FA5-4FD3-37E1-7229-2846EA55E1DD,2163,2240,2295,2358,2383,2468
9E5FF60F-855C-983F-8B9F-835DE2DE217A,2191,2220,2185,2193,2247,2212
C7A3D4C2-CA8A-EF58-1008-99D9504487A2,1798,1785,1794,1794,1722,1647
8F0A0E2B-26F5-5647-746B-B856C29465CD,1655,1660,1586,1667,1709,1777
82C5F524-457F-CBE1-16F3-BABC1727E843,2017,2125,2118,2199,2241,2175
702DB153-F2F4-8E8D-5D3F-2304A8E79F30,1885,2018,1978,2022,2108,2203
4A4A7332-BCCF-1CA1-C6D4-026A1B728AA1,1580,1529,1484,1426,1369,1323
7142238E-E8CA-9254-C38F-6CCC69B9C709,1825,1809,1843,1776,1855,1828
6655DD04-1106-4D25-CBE6-2AA6E86C4835,2068,2030,2042,2052,2049,1952
F90EB793-0C23-A80D-FEC6-023659D36CF0,2017,1927,1992,2022,1910,1975
B8BCB636-C715-0A46-9CBB-78F657CADDAA,1748,1837,1955,1919,1985,1909
41E1DF0D-9E20-2FE4-7C38-E38AA80B5CDA,2050,2003,2075,2145,2131,2134
35C5CF03-04F9-A0A5-D5BE-0FC3387B300E,1861,1803,1836,1784,1846,1874
F37C4D4A-CA81-59E5-020E-AAEFD9F5D4C7,1615,1744,1756,1781,1787,1707
B963B1F1-84AF-3546-5F3E-AA6B08820C92,2162,2144,2087,2167,2204,2285
ACC6287D-2B5B-0A6A-1D73-A56142273010,1673,1758,1849,1912,1876,1946
6F1B1927-3F18-B72B-2F73-01A4C01B68D0,2034,1984,2039,2070,2035,2089
BDA44985-1A5C-73C5-B07D-A2139B622E33,2200,2199,2196,2138,2033,2109
FD0C7A10-F0F4-3EFE-5629-07F8A9D769AF,1739,1877,1974,2000,1951,1952
37839102-32A7-EE65-BCAC-7A1DA12E3B41,1920,1876,1948,1999,2030,2038
B4D69F1D-541F-0028-B3ED-383F4964B6CF,1673,1802,1846,1907,1973,1927
F9704598-AABD-B2DF-06F0-487AC84E5FCF,1633,1711,1737,1805,1732,1670
37484FA2-F7B2-F4E1-4AE1-525D5BFFE082,2167,2266,2371,2463,2411,2373
72CF8639-4A17-4B9B-0A8C-D8BDFD65BE7C,1812,1758,1758,1755,1646,1576
3A170B76-09AE-0D19-7BAC-1CB2D81FDE62,1721,1707,1780,1768,1679,1633
8610CC80-B252-DE1C-E050-F90A76C2C509,2096,2129,2185,2181,2194,2154
7910D234-2551-DE42-BD14-12F314EFEC67,1913,1872,1800,1820,1742,1814
3AED7DB2-801D-CE0D-47FC-1A2894CE76FA,2177,2319,2322,2270,2248,2205
4E7EFE92-5156-A067-7144-555BE2774C98,2001,1966,2012,1985,2066,1987
CE0C8C2C-6C40-B699-E1C3-FECCD4F977D0,1762,1834,1834,1874,1773,1745
F8B02F4A-C990-AB0F-67CD-AD81D2F7B348,1924,1898,1983,1961,1949,1928
222028BA-1171-48B9-DE49-2966D334BACA,1846,1783,1890,1928,1946,1969
34DF3FC1-F7D0-A2D1-5FCD-1827790B63E2,1639,1663,1736,1660,1605,1662
A4D38475-4FD5-476B-FB87-3E0E5B0FFE40,2115,2223,2275,2256,2267,2346
91ED52C5-1FEA-1EA5-79F1-F5D5C9644449,2110,2192,2305,2327,2229,2235
601EA23C-7354-9D1B-8D74-AC648B7C7883,1783,1831,1796,1831,1772,1740
AFA4EBC7-BB51-BA54-FE25-CE2B7DBD6CC4,2189,2304,2415,2403,2476,2427
2ED63792-4623-5F9C-916C-AB7F00EE5C57,1707,1745,1834,1797,1807,1818
897C1771-50A0-5192-251E-74199298FA7D,2092,2017,2026,1966,1927,1861
E18D9F74-1538-8A74-639B-E0331F2C1AF6,2183,2090,2020,2035,2080,2024
EE0BA631-BC04-7D9B-BA29-5382CEC42A8A,1748,1819,1860,1829,1832,1899
8F20D9C5-6077-4178-9DF8-EC57608689A5,1569,1576,1599,1580,1540,1457
5EB17520-5D63-656F-65E5-C2F45E540391,1779,1832,1758,1829,1721,1704
527C9FF5-7CD3-8FD5-F090-A3D0B47950DC,1892,1892,2005,2009,1985,2012
C513C840-79AA-7EF5-46C2-5E6D7ADD13F0,2097,2049,2165,2236,2279,2223
557A821D-D2BC-D21A-6329-BA81F4CF4AF8,2107,2241,2246,2281,2336,2350
B67BB33D-4CAA-05B1-287A-B26C22110A7F,1636,1609,1548,1627,1716,1629
3EE71D76-9F8A-4BE7-688A-6C73625AB885,1593,1590,1629,1645,1719,1703
5F3C9242-D15E-A9C8-2FE0-D8B4EAAD2FDA,2129,2204,2255,2217,2168,2101
E8085934-34BE-D439-7BDF-E7C83D1D700E,1695,1841,1799,1736,1681,1637
AA9E95CF-269F-5083-2CB4-1A8BCDBD063F,1955,1913,1886,1840,1899,1872
A439BBC7-9C4D-0589-A909-1E5862616F89,1624,1639,1576,1559,1607,1520
CE025A32-AE79-AD90-F754-36541AA495FD,1911,1905,1943,1998,1899,1856
6374CA64-4D51-F93D-60E8-1B03FABE7547,1932,2022,2141,2093,2025,2071
083390FC-96C0-02A5-4C82-88CD6F2E2C72,1569,1490,1550,1511,1590,1569
8EDB79FC-38CC-4818-52CC-0517405D867B,2107,2192,2254,2186,2088,2031
2820BC24-619C-715A-7D93-1463C1F79395,1972,1905,2013,1978,1942,1921
AC9AB2AB-EA5D-D39A-B4B2-A25451F78951,2035,2133,2235,2191,2175,2080
486DF5E3-4515-0148-07BA-334873130817,1688,1597,1636,1702,1603,1614
9EBADFC8-C516-BE97-6BF7-66790B105894,2197,2148,2216,2279,2279,2267
1F98CAEC-D0E3-CACC-B954-AB4A85807410,2128,2032,2092,2167,2203,2222
AEB49237-88CE-F568-E89D-F55703CBF6DE,1653,1755,1737,1757,1708,1775
4EA3243E-3A14-9CFA-784D-DCA3C84BB43A,1849,1895,1980,1978,1920,1914
8DDF3081-489D-B881-3D5A-6AD3836FC764,2188,2242,2211,2267,2166,2261
3A7B3F65-F435-F3A8-011D-DF312B9CEDC2,1605,1622,1616,1531,1426,1336
010FBA94-CF67-C646-0EF9-C2659C2DF24B,2196,2297,2264,2193,2156,2228
3696B9C5-E026-288B-11E4-93CC14E03AA2,2061,2199,2191,2277,2351,2405
13FD992B-1B98-0375-5DDB-55E8493D5A88,1702,1807,1845,1901,1956,1902
1976A8B6-50BA-78DA-69AB-F9BAC65A3292,2124,2177,2186,2257,2338,2387
6F438063-1F7B-DB7D-EC9A-A1D6A17CCB5A,1849,1937,1867,1939,1995,2080
BE0AC31E-75CD-BEF8-CFD9-7A6DE2071682,2047,2069,2118,2055,2099,2037
C2126091-4FD0-0495-1F07-4B4815F4434F,2170,2083,2183,2145,2104,2146
77299C00-6676-9E05-FC46-5800E782A4AC,2202,2284,2392,2441,2481,2514
1EEC697B-BE87-DD69-9D23-CA42C37382DA,1979,2120,2080,2007,2053,2018
1493EAF1-0374-5365-B49F-FD33D4EEDB2B,2202,2339,2432,2369,2352,2333
B0FE18F4-8BCB-3CB5-CDC0-1939DC514476,2039,2068,2083,2159,2147,2062
CB38E50B-4309-709A-C7EF-97D3CC602F30,1623,1620,1736,1758,1711,1784
4DEB5EE8-5BB4-4524-5CE2-60CE0DEAC45D,1845,1883,1847,1917,1993,1896
1CB1A91A-27DD-6607-BD82-28C8D33DFEB9,1820,1920,1951,2010,2043,2012
1E26CD86-3B5F-A246-7A17-C52608F77DCE,1943,2001,2119,2142,2106,2192
BC29B5F3-AC92-0568-107C-0F3E934642E2,1807,1914,1952,2015,2087,2081
E428DB58-F437-7D79-4B5D-4075111143E3,1966,2070,2101,2139,2183,2214
692A75A3-4E37-F925-ADD4-069E3D7BC8C3,1984,2101,2208,2273,2352,2375
511D34BC-38A9-7C0C-3948-D485A4F51BF3,1660,1634,1684,1683,1720,1641
CAFFD646-97B3-9BC1-1E93-994F693676DB,1873,1852,1960,1974,1936,1957
53DC1C48-599D-3212-397F-535E20FD7F8D,1856,1768,1831,1824,1759,1825
81ABF4DD-20D7-A113-547B-2C7617D5650F,1876,1897,1977,2069,2000,2093
6545DE9B-5063-A78E-14D3-8D558F2AEBF8,1737,1812,1935,1853,1846,1804
E39FD4FF-DBBE-A10F-7387-0323B632CD37,1864,1938,1935,1999,1888,1945
83565116-DCF2-D7F9-D667-D92E73BBE54C,1714,1733,1852,1935,1882,1789
39AF2AF0-4B93-CA33-2EDE-E9B13DF21A3E,1949,2005,2113,2105,2157,2064
D28665B8-44A5-7657-19C6-A90DA9D9D318,1719,1779,1889,1890,1857,1907
BCF535E9-5802-CFFF-6420-A43854109BC8,1563,1521,1644,1683,1770,1773
BB51CB00-E1D7-BA4C-CDDD-35635C3C5C93,2009,1939,2005,2009,1998,1964
24A0A911-E0C6-8FFA-8C41-BD6190C9A47C,1790,1852,1868,1905,1973,1943
CFF69ED9-3107-8CEF-3B1F-351C04D92A66,1683,1731,1710,1792,1740,1771
33DCA4AF-FD3F-E625-5D40-ECFDB9DF18C3,2053,2106,2056,2098,2153,2081
D4C52E7D-5C6F-1644-AB6A-20AF79C23402,1824,1786,1758,1790,1767,1781
724CBF94-F3F0-BFF7-947A-002027AFB433,1988,1982,2048,1965,1909,1963
EB95C919-7323-6EA1-FA57-9BE41438FE80,2155,2097,2078,2009,2076,2045
0BD221D8-6E3F-AB27-556D-F6B029348B71,1899,2009,1965,1985,1987,2031
213AA161-7D3A-1171-9517-585BE2B9731C,2016,2089,2021,2093,1997,1948
BE8FACAB-3D02-E3E7-D512-ECA7800790B8,2081,2146,2198,2270,2292,2303
7203BDDF-7A83-A0FF-0912-1141E2533339,1722,1825,1807,1763,1745,1697
C0633500-2A8B-446B-2E45-5F73E7F520E1,1785,1814,1839,1920,1909,1949
C8AAFC26-0DD1-954D-30CE-26AD59148FF4,1576,1615,1585,1533,1568,1510
9F49CCA8-D74B-6DBE-37C4-7231AF52DEFF,1812,1821,1816,1756,1656,1724
813E20A7-22EA-922B-56F1-DD91358E8B4D,2180,2188,2184,2200,2184,2229
52651BF1-764C-1050-08CE-FDB565666493,2100,2061,2098,2168,2220,2296
97DCF992-4187-5AFD-4758-5F4D7A9588DC,1620,1645,1686,1649,1669,1602
FB97CABA-6F06-60C2-8564-7B9A8F8E8C44,2092,2062,2082,2163,2180,2225
E1618F0D-7C0C-ACE9-3E8A-4238C9569412,1688,1703,1735,1781,1856,1778
3BEEFA1A-7253-83DC-CFB1-35CD72A25D2E,1885,1821,1815,1820,1831,1856
7A48664A-FCE6-B26A-F810-AAB7EDA56216,1932,2079,2095,2120,2196,2157
774ECECE-7092-12A1-D829-9645F010DCC2,1879,1989,2059,2155,2200,2118
FE6ED1BA-219D-456E-C47F-F2B97D0B7524,1881,1824,1779,1776,1854,1917
F61809D6-1735-C600-7A52-FCE96CBD4D2E,1985,1969,1895,1956,1935,1991
1A7D51E4-D71F-CF8F-9027-3BAB919D0786,2073,2101,2121,2104,2158,2238
7DBCB171-0C46-DF90-A059-23C9C95B9E60,2073,2181,2219,2199,2189,2160
9E1409FE-86CF-49F8-1BC2-5D417FECA418,2195,2228,2160,2201,2253,2299
BB79CBAA-06A2-0351-CBD3-D4376F311790,2022,1996,2085,2109,2134,2093
640F3D9B-5852-A916-589A-499FB1A2925F,2057,2105,2164,2162,2083,2097
B6AC2705-21F5-EC6B-1E5E-815C67957F60,1695,1824,1791,1768,1702,1646
2C79E4E6-D82F-E226-E1F4-3DC383417C2C,1776,1869,1794,1815,1720,1772
7276358F-65C8-B550-90F5-475685614887,2180,2323,2383,2298,2275,2196
E2044CE6-37BC-B331-EDC3-EB3D347DF2D5,1998,1939,2036,1962,1951,1861
F0ACF438-6707-51DA-7536-D0069E9D8912,1946,2029,2147,2157,2244,2201
BB14C968-56E5-6819-C6EC-3691EC42B9F6,1969,2054,2153,2069,1969,1903
EA41E544-33EE-582C-9FE2-B90AD64AC22C,1865,1896,1918,1962,1999,2009
34C8763A-9CCD-01BB-F396-2BDBC807FDCB,2056,2148,2151,2239,2207,2252
CBA01A78-5A42-4B7C-B855-4899F7EBBE81,2192,2172,2140,2235,2211,2262
0C7A0851-505B-6653-9262-697E0187DB13,1850,1943,1919,1859,1881,1784
D5B24D65-D029-4A12-1CD6-8935DAB20D29,1658,1778,1786,1775,1724,1671
1AA4B0FF-A621-9C9C-3978-77031816DE86,1717,1870,1803,1880,1830,1923
AE8809F0-D831-4614-97DA-466AE2B1DF25,1628,1581,1613,1612,1517,1470
48390D0D-1547-8561-BABF-4C7B1BFB61DA,2198,2101,2060,2153,2109,2089
2ECFE72B-A133-CEF9-C6B2-DF1285634D6E,1846,1767,1768,1816,1851,1878
C5BA2837-B957-1173-A0C4-B4EFF70AEC5A,1688,1656,1713,1759,1753,1819
D39CD12C-6332-E7B7-8E37-73CEE5EF4D91,1715,1692,1643,1582,1509,1564
31B88D32-9318-9442-000F-34C5D598FD09,1726,1788,1799,1841,1824,1847
EE2C6256-126D-73F8-4E6D-A2B57B56DADF,2033,2162,2243,2288,2318,2250
7A81683E-5ED7-8D80-58F1-B31D935EE45B,2004,1989,2037,1977,1916,1963
75A44CC6-7228-6D03-B232-C35ECD6B1A27,2136,2264,2319,2360,2316,2260
FD17B816-72C9-1697-BE16-538F3D789377,1696,1827,1903,1929,1852,1950
40FCD4E7-5901-4D18-FC6C-70D13CCD7E05,2185,2094,2210,2260,2151,2067
B1CD902F-AC6E-0AD5-4455-B3D2A6DE870E,1646,1626,1605,1649,1666,1642
698E586C-58C9-F65C-9053-20FCDBC731C1,1622,1564,1685,1706,1696,1743
1D13687B-E012-0394-E88D-1F2C03E933C2,1861,1819,1916,1895,1956,1968
A8F7EAB9-B42A-C8B7-26C1-93BE59B750BB,1984,2063,2118,2145,2122,2164
395380C7-81DC-5BC9-9895-3FB2A1669A19,2046,2199,2284,2229,2224,2269
AF54FCB0-9CA1-A023-AEB0-059EFA1FB069,1763,1783,1770,1782,1715,1731
A4EF5235-5C0A-A0B7-E47F-63C7A79EE803,2078,2095,2026,1992,2003,2010
B0F8167A-1B9B-135F-3B46-4CC7A0F842E4,2188,2240,2179,2260,2209,2299
0DB50E6F-1A40-1FB3-0DB8-9452E3514DF1,1982,2072,2056,2145,2087,2072
C520A119-C9A5-80FB-9E1C-58DCE7E95804,1733,1687,1798,1758,1683,1778
196333F6-3E1C-A341-B1CE-769BAF366D78,2012,2022,2139,2065,2131,2193
2161C042-8F11-4730-60A2-F8BA4D5D4313,1800,1754,1699,1620,1594,1662
E9102DE2-B561-EBE4-2ED8-4AD3E2F2078A,2148,2130,2060,2092,2018,2061
C7B03B47-197A-E90C-BBC2-4B4269022B03,1611,1708,1680,1751,1728,1692